Date,Open,High,Low,Close,Adj Close,Volume
2008-02-15,2150.0,2255.0,1835.0,1945.0,1374.109009,2614452
2008-02-18,1870.0,2045.0,1840.0,1945.0,1374.109009,637526
2008-02-19,1985.0,2055.0,1900.0,1930.0,1363.511963,299593
2008-02-20,1925.0,2000.0,1895.0,1900.0,1342.317261,177177
2008-02-21,1935.0,2185.0,1895.0,2185.0,1543.665039,1147259
2008-02-22,2510.0,2510.0,2190.0,2460.0,1737.94751,4630285
2008-02-25,2490.0,2775.0,2320.0,2400.0,1695.558594,3301685
2008-02-26,2400.0,2500.0,2275.0,2300.0,1624.910278,1026911
2008-02-27,2290.0,2550.0,2290.0,2465.0,1741.480103,1380831
2008-02-28,2500.0,2645.0,2380.0,2415.0,1706.156372,1506095
2008-02-29,2430.0,2455.0,2290.0,2290.0,1617.845703,503908
2008-03-03,2270.0,2270.0,2125.0,2170.0,1533.067749,378795
2008-03-04,2170.0,2210.0,2060.0,2100.0,1483.613892,332814
2008-03-05,2130.0,2130.0,2080.0,2080.0,1469.484253,274170
2008-03-06,2110.0,2390.0,2100.0,2390.0,1688.494019,1179080
2008-03-07,2430.0,2590.0,2200.0,2240.0,1582.521729,3376803
2008-03-10,2220.0,2275.0,2085.0,2100.0,1483.613892,568160
2008-03-11,2130.0,2230.0,2060.0,2175.0,1536.600342,284663
2008-03-12,2185.0,2245.0,2170.0,2170.0,1533.067749,230707
2008-03-13,2175.0,2205.0,2150.0,2155.0,1522.470459,148419
2008-03-14,2170.0,2205.0,2090.0,2115.0,1494.211182,179227
2008-03-17,2100.0,2150.0,2045.0,2060.0,1455.354736,228760
2008-03-18,2060.0,2100.0,2055.0,2060.0,1455.354736,113852
2008-03-19,2180.0,2180.0,2060.0,2090.0,1476.549072,98443
2008-03-20,2060.0,2325.0,2060.0,2155.0,1522.470459,567423
2008-03-21,2155.0,2195.0,2050.0,2050.0,1448.289917,309247
2008-03-24,2060.0,2100.0,2040.0,2050.0,1448.289917,198349
2008-03-25,2340.0,2340.0,2120.0,2120.0,1497.743652,444816
2008-03-26,2120.0,2120.0,2040.0,2050.0,1448.289917,229520
2008-03-27,2055.0,2085.0,2015.0,2035.0,1437.692505,144093
2008-03-28,2035.0,2250.0,2035.0,2070.0,1462.419434,207789
2008-03-31,2070.0,2125.0,2055.0,2070.0,1462.419434,90176
2008-04-01,2075.0,2095.0,2060.0,2060.0,1455.354736,134744
2008-04-02,2100.0,2105.0,2060.0,2060.0,1455.354736,113047
2008-04-03,2060.0,2085.0,2045.0,2050.0,1448.289917,173728
2008-04-04,2050.0,2115.0,2045.0,2055.0,1451.822144,186550
2008-04-07,2055.0,2075.0,2035.0,2050.0,1448.289917,105370
2008-04-08,2085.0,2250.0,2045.0,2055.0,1451.822144,822567
2008-04-10,2060.0,2100.0,2050.0,2060.0,1455.354736,139307
2008-04-11,2100.0,2130.0,2065.0,2090.0,1476.549072,174258
2008-04-14,2100.0,2110.0,2070.0,2075.0,1465.951904,161812
2008-04-15,2070.0,2080.0,2060.0,2070.0,1462.419434,205402
2008-04-16,2065.0,2080.0,2050.0,2060.0,1455.354736,206986
2008-04-17,2060.0,2070.0,2030.0,2030.0,1434.160156,303920
2008-04-18,2035.0,2050.0,2010.0,2020.0,1427.095337,163291
2008-04-21,2030.0,2050.0,2010.0,2010.0,1420.030396,139917
2008-04-22,2010.0,2030.0,1985.0,2000.0,1412.965576,210623
2008-04-23,1990.0,1995.0,1955.0,1975.0,1395.303589,153008
2008-04-24,1950.0,2000.0,1935.0,1945.0,1374.109009,142438
2008-04-25,1945.0,2015.0,1940.0,1955.0,1381.174072,120142
2008-04-28,1960.0,1985.0,1950.0,1975.0,1395.303589,101851
2008-04-29,1955.0,1970.0,1895.0,1895.0,1338.78479,119198
2008-04-30,1900.0,1910.0,1865.0,1900.0,1342.317261,132942
2008-05-02,1900.0,2070.0,1900.0,2030.0,1434.160156,268790
2008-05-06,2075.0,2180.0,1985.0,2050.0,1448.289917,281381
2008-05-07,2020.0,2035.0,1995.0,2010.0,1420.030396,127843
2008-05-08,2070.0,2075.0,2010.0,2040.0,1441.224976,201450
2008-05-09,2080.0,2245.0,2050.0,2060.0,1455.354736,532410
2008-05-13,2045.0,2060.0,1955.0,1980.0,1398.835938,222585
2008-05-14,2020.0,2020.0,1970.0,1985.0,1402.368286,176040
2008-05-15,1995.0,2005.0,1960.0,1965.0,1388.23877,104012
2008-05-16,1965.0,2000.0,1910.0,1935.0,1367.044067,101611
2008-05-19,1935.0,1975.0,1920.0,1935.0,1367.044067,52798
2008-05-20,1935.0,1975.0,1925.0,1950.0,1377.641479,60762
2008-05-21,1925.0,1950.0,1920.0,1925.0,1359.97937,57530
2008-05-22,1915.0,1920.0,1875.0,1880.0,1328.187622,106159
2008-05-23,1880.0,1920.0,1850.0,1865.0,1317.590454,67520
2008-05-26,1830.0,1860.0,1810.0,1850.0,1306.993286,79410
2008-05-27,1830.0,1850.0,1795.0,1850.0,1306.993286,84230
2008-05-28,1860.0,1860.0,1575.0,1805.0,1275.201538,121746
2008-05-29,1805.0,1835.0,1755.0,1815.0,1282.266235,115627
2008-05-30,1785.0,1815.0,1775.0,1775.0,1254.006958,53466
2008-06-02,1750.0,1810.0,1750.0,1795.0,1268.136597,67230
2008-06-03,1770.0,1815.0,1755.0,1760.0,1243.409668,46533
2008-06-04,1725.0,1795.0,1685.0,1795.0,1268.136597,123713
2008-06-05,1815.0,1825.0,1780.0,1820.0,1285.79895,64850
2008-06-09,1820.0,1845.0,1740.0,1840.0,1299.928223,45012
2008-06-10,1860.0,1950.0,1820.0,1880.0,1328.187622,78440
2008-06-11,1905.0,1910.0,1800.0,1875.0,1324.655151,34400
2008-06-12,1890.0,1890.0,1810.0,1810.0,1278.733765,39016
2008-06-13,1840.0,1850.0,1720.0,1755.0,1239.877319,45202
2008-06-16,1755.0,1840.0,1755.0,1810.0,1278.733765,35814
2008-06-17,1765.0,2060.0,1765.0,1975.0,1395.303589,829931
2008-06-18,1975.0,2090.0,1785.0,1820.0,1285.79895,657192
2008-06-19,1770.0,1820.0,1750.0,1780.0,1257.539429,147970
2008-06-20,1765.0,1805.0,1750.0,1770.0,1250.474609,51331
2008-06-23,1730.0,1770.0,1710.0,1755.0,1239.877319,107830
2008-06-24,1725.0,1765.0,1720.0,1735.0,1225.747559,39811
2008-06-25,1760.0,1800.0,1700.0,1795.0,1268.136597,156910
2008-06-26,1795.0,1795.0,1710.0,1725.0,1218.682739,62461
2008-06-27,1680.0,1720.0,1680.0,1685.0,1190.423706,55444
2008-06-30,1685.0,1710.0,1600.0,1710.0,1208.085571,61658
2008-07-01,1710.0,1710.0,1610.0,1610.0,1137.437256,49167
2008-07-02,1615.0,1650.0,1500.0,1500.0,1059.724121,116141
2008-07-03,1400.0,1530.0,1400.0,1520.0,1073.853882,76257
2008-07-04,1540.0,1540.0,1455.0,1485.0,1049.126953,27280
2008-07-07,1485.0,1500.0,1380.0,1380.0,974.94635,92700
2008-07-08,1380.0,1390.0,1175.0,1220.0,861.909058,379183
2008-07-09,1230.0,1260.0,1120.0,1170.0,826.5849,358551
2008-07-10,1105.0,1200.0,1105.0,1165.0,823.05249,169298
2008-07-11,1150.0,1285.0,1150.0,1245.0,879.571106,180247
2008-07-14,1230.0,1430.0,1230.0,1430.0,1010.270325,325991
2008-07-15,1490.0,1505.0,1235.0,1240.0,876.038879,588217
2008-07-16,1255.0,1340.0,1245.0,1260.0,890.168396,193230
2008-07-17,1295.0,1335.0,1260.0,1260.0,890.168396,129680
2008-07-18,1270.0,1285.0,1215.0,1255.0,886.635925,122929
2008-07-21,1275.0,1335.0,1250.0,1300.0,918.427734,72200
2008-07-22,1320.0,1320.0,1265.0,1270.0,897.233093,43241
2008-07-23,1290.0,1320.0,1275.0,1285.0,907.830505,53410
2008-07-24,1285.0,1300.0,1265.0,1300.0,918.427734,101590
2008-07-25,1270.0,1295.0,1255.0,1295.0,914.895081,46630
2008-07-28,1310.0,1310.0,1275.0,1290.0,911.362915,29090
2008-07-29,1290.0,1295.0,1245.0,1260.0,890.168396,49490
2008-07-30,1275.0,1280.0,1245.0,1255.0,886.635925,54007
2008-07-31,1275.0,1280.0,1210.0,1265.0,893.700928,58563
2008-08-01,1265.0,1265.0,1210.0,1215.0,858.376709,35001
2008-08-04,1210.0,1215.0,1130.0,1150.0,812.455139,86041
2008-08-05,1170.0,1170.0,1110.0,1145.0,808.922852,69000
2008-08-06,1165.0,1200.0,1135.0,1185.0,837.182129,88924
2008-08-07,1175.0,1220.0,1170.0,1185.0,837.182129,33120
2008-08-08,1205.0,1215.0,1180.0,1190.0,840.714539,52473
2008-08-11,1210.0,1250.0,1180.0,1220.0,861.909058,26420
2008-08-12,1195.0,1230.0,1195.0,1220.0,861.909058,32371
2008-08-13,1210.0,1385.0,1210.0,1315.0,929.024841,573736
2008-08-14,1315.0,1380.0,1280.0,1285.0,907.830505,117400
2008-08-18,1290.0,1340.0,1280.0,1290.0,911.362915,119774
2008-08-19,1270.0,1290.0,1220.0,1225.0,865.441467,47047
2008-08-20,1210.0,1245.0,1200.0,1210.0,854.844116,60720
2008-08-21,1200.0,1225.0,1170.0,1170.0,826.5849,51090
2008-08-22,1160.0,1165.0,1110.0,1130.0,798.325684,72788
2008-08-25,1135.0,1180.0,1115.0,1120.0,791.260864,70895
2008-08-26,1095.0,1120.0,1085.0,1090.0,770.066223,57181
2008-08-27,1075.0,1115.0,1015.0,1040.0,734.742126,109357
2008-08-28,1070.0,1070.0,985.0,1040.0,734.742126,159670
2008-08-29,1025.0,1035.0,985.0,995.0,702.950439,101174
2008-09-01,980.0,995.0,850.0,850.0,600.510498,243381
2008-09-02,845.0,900.0,815.0,820.0,579.315857,86604
2008-09-03,780.0,850.0,780.0,840.0,593.445679,76947
2008-09-04,830.0,950.0,830.0,915.0,646.431763,72600
2008-09-05,885.0,990.0,875.0,940.0,664.093811,52040
2008-09-08,930.0,1025.0,930.0,1010.0,713.547668,56326
2008-09-09,1025.0,1025.0,980.0,1005.0,710.015198,31610
2008-09-10,1030.0,1035.0,990.0,1025.0,724.144958,48684
2008-09-11,1035.0,1175.0,1035.0,1175.0,830.117371,746653
2008-09-12,1195.0,1200.0,1080.0,1080.0,763.001465,781757
2008-09-16,960.0,1005.0,940.0,940.0,664.093811,176300
2008-09-17,990.0,1060.0,970.0,1035.0,731.209717,145909
2008-09-18,995.0,1070.0,950.0,1000.0,706.482788,4000
2008-09-19,1060.0,1085.0,1020.0,1060.0,748.871826,103042
2008-09-22,1120.0,1120.0,1025.0,1035.0,731.209717,59680
2008-09-23,1020.0,1055.0,980.0,1055.0,745.339294,104810
2008-09-24,1050.0,1070.0,1020.0,1040.0,734.742126,29810
2008-09-25,1015.0,1050.0,1015.0,1040.0,734.742126,24350
2008-09-26,1045.0,1080.0,1010.0,1040.0,734.742126,36630
2008-09-29,1035.0,1080.0,1010.0,1010.0,713.547668,24082
2008-09-30,970.0,1015.0,925.0,1015.0,717.080078,104085
2008-10-01,980.0,1030.0,960.0,970.0,685.28833,178080
2008-10-02,980.0,1005.0,900.0,950.0,671.15863,141680
2008-10-06,945.0,960.0,900.0,920.0,649.964111,29120
2008-10-07,870.0,940.0,855.0,910.0,642.899475,67790
2008-10-08,875.0,910.0,850.0,850.0,600.510498,116070
2008-10-09,810.0,870.0,800.0,850.0,600.510498,133770
2008-10-10,820.0,820.0,725.0,750.0,529.862061,281729
2008-10-13,760.0,820.0,760.0,820.0,579.315857,92030
2008-10-14,875.0,920.0,870.0,895.0,632.302002,46600
2008-10-15,860.0,895.0,850.0,875.0,618.172485,21394
2008-10-16,820.0,830.0,750.0,750.0,529.862061,224710
2008-10-17,755.0,815.0,720.0,795.0,561.65387,135080
2008-10-20,780.0,810.0,740.0,780.0,551.056641,116250
2008-10-21,780.0,790.0,735.0,775.0,547.524109,869105
2008-10-22,745.0,785.0,725.0,745.0,526.329712,33260
2008-10-23,725.0,740.0,635.0,650.0,459.213867,197161
2008-10-24,615.0,650.0,555.0,555.0,392.0979,350954
2008-10-27,555.0,590.0,475.0,475.0,335.579315,274009
2008-10-28,405.0,510.0,405.0,505.0,356.773834,615971
2008-10-29,515.0,580.0,460.0,500.0,353.241394,307232
2008-10-30,520.0,575.0,520.0,575.0,406.22757,272260
2008-10-31,575.0,610.0,565.0,565.0,399.162842,200770
2008-11-03,570.0,650.0,570.0,640.0,452.148987,280674
2008-11-04,650.0,730.0,645.0,690.0,487.473175,71920
2008-11-05,720.0,790.0,700.0,740.0,522.797363,305960
2008-11-06,700.0,700.0,630.0,630.0,445.084198,183230
2008-11-07,560.0,680.0,560.0,680.0,480.408356,129750
2008-11-10,680.0,710.0,675.0,680.0,480.408356,33583
2008-11-11,685.0,700.0,670.0,685.0,483.940704,28570
2008-11-12,680.0,680.0,655.0,675.0,476.875916,18384
2008-11-13,650.0,655.0,585.0,630.0,445.084198,65255
2008-11-14,655.0,680.0,605.0,640.0,452.148987,59860
2008-11-17,665.0,665.0,600.0,640.0,452.148987,42700
2008-11-18,640.0,675.0,600.0,610.0,430.954529,69640
2008-11-19,620.0,620.0,565.0,570.0,402.69519,76151
2008-11-20,520.0,570.0,495.0,540.0,381.500732,109280
2008-11-21,505.0,575.0,500.0,565.0,399.162842,43440
2008-11-24,580.0,580.0,530.0,530.0,374.435913,62770
2008-11-25,555.0,565.0,520.0,520.0,367.371063,29720
2008-11-26,545.0,565.0,525.0,535.0,377.968353,36880
2008-11-27,545.0,560.0,520.0,560.0,395.630432,37873
2008-11-28,570.0,570.0,530.0,545.0,385.033112,67140
2008-12-01,555.0,575.0,540.0,565.0,399.162842,19510
2008-12-02,570.0,570.0,530.0,565.0,399.162842,5580
2008-12-03,575.0,575.0,545.0,565.0,399.162842,80312
2008-12-04,555.0,645.0,550.0,565.0,399.162842,696574
2008-12-05,565.0,575.0,560.0,575.0,406.22757,32740
2008-12-08,590.0,590.0,550.0,580.0,409.760071,212192
2008-12-09,590.0,595.0,555.0,570.0,402.69519,81050
2008-12-10,560.0,585.0,555.0,555.0,392.0979,115433
2008-12-11,590.0,595.0,570.0,590.0,416.824921,79070
2008-12-12,605.0,615.0,580.0,610.0,430.954529,183520
2008-12-15,610.0,635.0,610.0,620.0,438.01944,103719
2008-12-16,635.0,635.0,605.0,620.0,438.01944,86076
2008-12-17,625.0,635.0,610.0,625.0,441.551788,130590
2008-12-18,625.0,645.0,620.0,640.0,452.148987,141690
2008-12-19,645.0,670.0,645.0,660.0,466.278564,209563
2008-12-22,675.0,740.0,660.0,720.0,508.667542,277961
2008-12-23,730.0,735.0,690.0,690.0,487.473175,98986
2008-12-24,665.0,700.0,665.0,695.0,491.005463,34570
2008-12-26,695.0,710.0,660.0,660.0,466.278564,104450
2008-12-29,660.0,660.0,635.0,650.0,459.213867,39459
2008-12-30,650.0,660.0,645.0,660.0,466.278564,25780
2009-01-02,695.0,695.0,635.0,675.0,476.875916,47940
2009-01-05,680.0,680.0,625.0,630.0,445.084198,106820
2009-01-06,630.0,670.0,600.0,670.0,473.343445,133390
2009-01-07,665.0,690.0,630.0,690.0,487.473175,135820
2009-01-08,660.0,720.0,660.0,690.0,487.473175,99651
2009-01-09,695.0,790.0,695.0,790.0,558.121521,840225
2009-01-12,780.0,905.0,755.0,905.0,639.366882,1355039
2009-01-13,900.0,1015.0,805.0,870.0,614.640015,1284818
2009-01-14,870.0,960.0,825.0,825.0,582.848328,1422929
2009-01-15,815.0,820.0,770.0,790.0,558.121521,618130
2009-01-16,810.0,835.0,785.0,805.0,568.718628,500459
2009-01-19,820.0,925.0,820.0,925.0,653.496643,998610
2009-01-20,960.0,1060.0,915.0,985.0,695.885498,1981280
2009-01-21,920.0,1020.0,920.0,995.0,702.950439,723278
2009-01-22,1080.0,1080.0,980.0,1000.0,706.482788,314885
2009-01-23,970.0,1000.0,915.0,980.0,692.353149,122010
2009-01-28,1000.0,1000.0,940.0,975.0,688.82074,244042
2009-01-29,980.0,995.0,930.0,960.0,678.223572,144646
2009-01-30,985.0,1040.0,950.0,1000.0,706.482788,402340
2009-02-02,1020.0,1150.0,1010.0,1150.0,812.455139,1026565
2009-02-03,1260.0,1280.0,1040.0,1045.0,738.274536,3258677
2009-02-04,1060.0,1070.0,980.0,980.0,692.353149,1477250
2009-02-05,975.0,1005.0,955.0,970.0,685.28833,455932
2009-02-06,975.0,990.0,960.0,970.0,685.28833,284231
2009-02-09,995.0,1015.0,965.0,965.0,681.755981,716156
2009-02-10,965.0,975.0,915.0,925.0,653.496643,484411
2009-02-11,920.0,940.0,880.0,930.0,657.029053,273290
2009-02-12,930.0,935.0,915.0,920.0,649.964111,292801
2009-02-13,910.0,965.0,905.0,965.0,681.755981,158490
2009-02-16,925.0,945.0,915.0,925.0,653.496643,166554
2009-02-17,925.0,930.0,870.0,870.0,614.640015,242040
2009-02-18,830.0,860.0,780.0,850.0,600.510498,191353
2009-02-19,830.0,870.0,830.0,855.0,604.042786,230950
2009-02-20,865.0,870.0,790.0,790.0,558.121521,226915
2009-02-23,750.0,805.0,750.0,805.0,568.718628,207110
2009-02-24,775.0,795.0,750.0,760.0,536.926941,172891
2009-02-25,775.0,790.0,745.0,750.0,529.862061,250584
2009-02-26,745.0,770.0,720.0,735.0,519.264954,203199
2009-02-27,730.0,770.0,710.0,760.0,536.926941,98170
2009-03-02,755.0,870.0,750.0,820.0,579.315857,1022343
2009-03-03,765.0,820.0,760.0,765.0,540.459351,311018
2009-03-04,780.0,800.0,745.0,795.0,561.65387,97946
2009-03-05,800.0,830.0,780.0,795.0,561.65387,115549
2009-03-06,760.0,830.0,760.0,810.0,572.251099,142554
2009-03-09,810.0,830.0,800.0,815.0,575.783447,89181
2009-03-10,805.0,850.0,800.0,850.0,600.510498,122675
2009-03-11,870.0,875.0,835.0,850.0,600.510498,99848
2009-03-12,840.0,860.0,840.0,850.0,600.510498,95181
2009-03-13,855.0,925.0,855.0,875.0,618.172485,519836
2009-03-16,880.0,920.0,845.0,860.0,607.575195,163030
2009-03-17,875.0,875.0,825.0,835.0,589.913025,167759
2009-03-18,840.0,870.0,840.0,860.0,607.575195,229610
2009-03-19,860.0,910.0,855.0,870.0,614.640015,273316
2009-03-20,860.0,900.0,860.0,900.0,635.834656,133110
2009-03-23,915.0,915.0,905.0,910.0,642.899475,5640
2009-03-24,940.0,950.0,910.0,950.0,671.15863,186570
2009-03-25,950.0,950.0,930.0,940.0,664.093811,95976
2009-03-26,950.0,950.0,910.0,915.0,646.431763,95232
2009-03-27,915.0,930.0,900.0,915.0,646.431763,224950
2009-03-30,960.0,1050.0,910.0,910.0,642.899475,2797287
2009-03-31,900.0,915.0,865.0,910.0,642.899475,361930
2009-04-01,930.0,930.0,875.0,890.0,628.769714,261858
2009-04-02,895.0,985.0,880.0,915.0,646.431763,685992
2009-04-03,935.0,960.0,900.0,910.0,642.899475,244390
2009-04-06,905.0,920.0,900.0,900.0,635.834656,201290
2009-04-07,910.0,925.0,900.0,910.0,642.899475,118140
2009-04-08,920.0,955.0,910.0,940.0,664.093811,296433
2009-04-09,960.0,990.0,950.0,975.0,688.82074,250998
2009-04-10,990.0,1010.0,950.0,1005.0,710.015198,227740
2009-04-13,1005.0,1050.0,980.0,1020.0,720.612488,348452
2009-04-14,1020.0,1040.0,1010.0,1030.0,727.677368,193384
2009-04-15,1025.0,1035.0,950.0,990.0,699.417969,227180
2009-04-16,1010.0,1015.0,975.0,975.0,688.82074,182484
2009-04-17,1000.0,1000.0,950.0,950.0,671.15863,230283
2009-04-20,950.0,970.0,935.0,960.0,678.223572,154730
2009-04-21,960.0,960.0,920.0,950.0,671.15863,189710
2009-04-22,960.0,1005.0,945.0,975.0,688.82074,295442
2009-04-23,980.0,1015.0,970.0,1015.0,717.080078,213912
2009-04-24,1035.0,1165.0,1030.0,1070.0,755.936707,875652
2009-04-27,1070.0,1110.0,1070.0,1080.0,763.001465,261852
2009-04-28,1080.0,1080.0,985.0,985.0,695.885498,194196
2009-04-29,1000.0,1020.0,970.0,1010.0,713.547668,112829
2009-04-30,1010.0,1045.0,1000.0,1005.0,710.015198,139230
2009-05-04,1015.0,1105.0,1010.0,1080.0,763.001465,176450
2009-05-06,1080.0,1090.0,1050.0,1065.0,752.404175,131831
2009-05-07,1065.0,1105.0,1065.0,1070.0,755.936707,105390
2009-05-08,1090.0,1145.0,1055.0,1115.0,787.728455,795149
2009-05-11,1135.0,1180.0,1115.0,1140.0,805.390381,697318
2009-05-12,1150.0,1175.0,1130.0,1160.0,819.520142,466438
2009-05-13,1150.0,1235.0,1150.0,1235.0,872.506226,693624
2009-05-14,1235.0,1240.0,1170.0,1185.0,837.182129,387421
2009-05-15,1185.0,1235.0,1125.0,1210.0,854.844116,417590
2009-05-18,1175.0,1200.0,1150.0,1190.0,840.714539,262959
2009-05-19,1195.0,1240.0,1180.0,1220.0,861.909058,283790
2009-05-20,1220.0,1220.0,1175.0,1185.0,837.182129,300025
2009-05-21,1165.0,1180.0,1130.0,1150.0,812.455139,169690
2009-05-22,1130.0,1150.0,1120.0,1125.0,794.793213,176780
2009-05-25,1130.0,1145.0,1060.0,1075.0,759.469116,311649
2009-05-26,1080.0,1125.0,1035.0,1035.0,731.209717,218529
2009-05-27,1045.0,1160.0,1045.0,1065.0,752.404175,421250
2009-05-28,1060.0,1060.0,995.0,1025.0,724.144958,208710
2009-05-29,1040.0,1090.0,1035.0,1070.0,755.936707,139670
2009-06-01,1070.0,1110.0,1070.0,1110.0,784.195801,77901
2009-06-02,1135.0,1135.0,1090.0,1115.0,787.728455,87990
2009-06-03,1125.0,1150.0,1100.0,1140.0,805.390381,220470
2009-06-04,1150.0,1165.0,1120.0,1145.0,808.922852,191659
2009-06-05,1145.0,1175.0,1135.0,1170.0,826.5849,152536
2009-06-08,1175.0,1195.0,1170.0,1175.0,830.117371,97720
2009-06-09,1150.0,1175.0,1115.0,1135.0,801.858032,157329
2009-06-10,1105.0,1185.0,1105.0,1170.0,826.5849,177660
2009-06-11,1180.0,1280.0,1160.0,1200.0,847.779297,294996
2009-06-12,1200.0,1255.0,1180.0,1200.0,847.779297,388060
2009-06-15,1220.0,1250.0,1195.0,1250.0,883.103577,189970
2009-06-16,1270.0,1340.0,1265.0,1280.0,904.297974,438650
2009-06-17,1290.0,1295.0,1230.0,1285.0,907.830505,126690
2009-06-18,1295.0,1450.0,1295.0,1395.0,985.543396,634949
2009-06-19,1365.0,1500.0,1345.0,1395.0,985.543396,554104
2009-06-22,1385.0,1455.0,1330.0,1360.0,960.816711,361356
2009-06-23,1360.0,1365.0,1315.0,1345.0,950.21936,177908
2009-06-24,1350.0,1475.0,1330.0,1425.0,1006.738037,309607
2009-06-25,1425.0,1480.0,1420.0,1420.0,1003.205688,270238
2009-06-26,1435.0,1450.0,1355.0,1445.0,1020.867615,211401
2009-06-29,1420.0,1445.0,1375.0,1375.0,971.413757,159240
2009-06-30,1360.0,1380.0,1230.0,1305.0,921.960083,156410
2009-07-01,1305.0,1325.0,1275.0,1300.0,918.427734,76150
2009-07-02,1300.0,1300.0,1255.0,1300.0,918.427734,191910
2009-07-03,1260.0,1345.0,1260.0,1325.0,936.089844,88327
2009-07-06,1325.0,1385.0,1325.0,1365.0,964.34906,63990
2009-07-07,1385.0,1395.0,1340.0,1370.0,967.881409,57951
2009-07-08,1350.0,1370.0,1280.0,1340.0,946.68689,165002
2009-07-09,1340.0,1350.0,1285.0,1315.0,929.024841,70949
2009-07-10,1315.0,1340.0,1295.0,1320.0,932.557129,35140
2009-07-13,1300.0,1340.0,1270.0,1270.0,897.233093,50885
2009-07-14,1300.0,1320.0,1205.0,1300.0,918.427734,158670
2009-07-15,1280.0,1320.0,1265.0,1285.0,907.830505,68414
2009-07-16,1285.0,1300.0,1260.0,1275.0,900.765625,189658
2009-07-17,1265.0,1465.0,1245.0,1465.0,1034.997314,1515959
2009-07-20,1540.0,1610.0,1475.0,1545.0,1091.515991,2511688
2009-07-21,1585.0,1630.0,1490.0,1505.0,1063.256592,1306594
2009-07-22,1495.0,1560.0,1485.0,1530.0,1080.918701,687812
2009-07-23,1555.0,1565.0,1490.0,1490.0,1052.659424,572317
2009-07-24,1495.0,1495.0,1435.0,1445.0,1020.867615,490729
2009-07-27,1470.0,1470.0,1440.0,1450.0,1024.400024,341155
2009-07-28,1490.0,1515.0,1450.0,1450.0,1024.400024,395443
2009-07-29,1480.0,1480.0,1400.0,1430.0,1010.270325,279684
2009-07-30,1410.0,1465.0,1395.0,1465.0,1034.997314,231416
2009-07-31,1500.0,1500.0,1445.0,1445.0,1020.867615,205915
2009-08-03,1445.0,1460.0,1370.0,1385.0,978.478638,375541
2009-08-04,1390.0,1420.0,1360.0,1360.0,960.816711,362697
2009-08-05,1350.0,1380.0,1340.0,1370.0,967.881409,359020
2009-08-06,1350.0,1400.0,1345.0,1380.0,974.94635,204544
2009-08-07,1385.0,1435.0,1380.0,1420.0,1003.205688,240723
2009-08-10,1425.0,1440.0,1390.0,1420.0,1003.205688,204335
2009-08-11,1405.0,1420.0,1375.0,1375.0,971.413757,188307
2009-08-12,1385.0,1445.0,1375.0,1420.0,1003.205688,451930
2009-08-13,1450.0,1450.0,1405.0,1440.0,1017.335083,274749
2009-08-14,1440.0,1515.0,1420.0,1460.0,1031.464966,511859
2009-08-17,1450.0,1485.0,1410.0,1410.0,996.14093,310756
2009-08-18,1375.0,1410.0,1365.0,1400.0,989.076111,262500
2009-08-19,1425.0,1610.0,1425.0,1610.0,1137.437256,1410270
2009-08-20,1670.0,1720.0,1545.0,1635.0,1155.099365,2492797
2009-08-21,1640.0,1670.0,1500.0,1500.0,1059.724121,1333493
2009-08-24,1480.0,1525.0,1460.0,1515.0,1070.321411,663663
2009-08-25,1530.0,1530.0,1455.0,1470.0,1038.529907,664461
2009-08-26,1480.0,1510.0,1455.0,1485.0,1049.126953,309916
2009-08-27,1500.0,1570.0,1495.0,1530.0,1080.918701,560630
2009-08-28,1550.0,1560.0,1505.0,1525.0,1077.386353,334111
2009-08-31,1520.0,1570.0,1505.0,1560.0,1102.113281,388517
2009-09-01,1555.0,1675.0,1555.0,1585.0,1119.775269,969750
2009-09-02,1565.0,1630.0,1520.0,1575.0,1112.710327,367430
2009-09-03,1595.0,1600.0,1535.0,1535.0,1084.45105,194884
2009-09-04,1540.0,1560.0,1495.0,1525.0,1077.386353,217814
2009-09-07,1525.0,1530.0,1465.0,1490.0,1052.659424,366570
2009-09-08,1490.0,1520.0,1480.0,1500.0,1059.724121,244888
2009-09-09,1505.0,1515.0,1450.0,1455.0,1027.932373,300060
2009-09-10,1460.0,1480.0,1445.0,1465.0,1034.997314,269450
2009-09-11,1465.0,1570.0,1450.0,1520.0,1073.853882,265291
2009-09-14,1505.0,1505.0,1475.0,1475.0,1042.062256,174980
2009-09-15,1520.0,1520.0,1480.0,1480.0,1045.594727,226040
2009-09-16,1485.0,1520.0,1480.0,1485.0,1049.126953,200168
2009-09-17,1495.0,1495.0,1460.0,1475.0,1042.062256,169287
2009-09-18,1465.0,1490.0,1440.0,1450.0,1024.400024,402548
2009-09-21,1445.0,1470.0,1430.0,1440.0,1017.335083,171207
2009-09-22,1445.0,1475.0,1445.0,1460.0,1031.464966,166278
2009-09-23,1460.0,1470.0,1410.0,1415.0,999.673035,227529
2009-09-24,1405.0,1430.0,1360.0,1375.0,971.413757,287960
2009-09-25,1380.0,1380.0,1305.0,1330.0,939.62207,292430
2009-09-28,1335.0,1370.0,1305.0,1350.0,953.751831,145676
2009-09-29,1355.0,1380.0,1345.0,1355.0,957.284119,110290
2009-09-30,1345.0,1400.0,1345.0,1360.0,960.816711,102090
2009-10-01,1345.0,1380.0,1330.0,1345.0,950.21936,100430
2009-10-05,1320.0,1330.0,1295.0,1315.0,929.024841,234681
2009-10-06,1315.0,1330.0,1295.0,1320.0,932.557129,126260
2009-10-07,1320.0,1340.0,1295.0,1300.0,918.427734,173187
2009-10-08,1295.0,1320.0,1290.0,1290.0,911.362915,136950
2009-10-09,1285.0,1315.0,1285.0,1305.0,921.960083,105202
2009-10-12,1315.0,1315.0,1290.0,1300.0,918.427734,109080
2009-10-13,1295.0,1310.0,1285.0,1300.0,918.427734,107890
2009-10-14,1290.0,1310.0,1290.0,1310.0,925.492493,73901
2009-10-15,1305.0,1325.0,1300.0,1320.0,932.557129,82040
2009-10-16,1335.0,1375.0,1330.0,1360.0,960.816711,197700
2009-10-19,1365.0,1390.0,1345.0,1360.0,960.816711,81711
2009-10-20,1360.0,1485.0,1360.0,1420.0,1003.205688,835250
2009-10-21,1400.0,1430.0,1380.0,1420.0,1003.205688,208521
2009-10-22,1405.0,1405.0,1360.0,1360.0,960.816711,104100
2009-10-23,1385.0,1385.0,1350.0,1360.0,960.816711,94180
2009-10-26,1360.0,1385.0,1340.0,1375.0,971.413757,77710
2009-10-27,1355.0,1380.0,1305.0,1320.0,932.557129,125673
2009-10-28,1310.0,1320.0,1260.0,1260.0,890.168396,285845
2009-10-29,1270.0,1270.0,1215.0,1235.0,872.506226,202750
2009-10-30,1245.0,1280.0,1245.0,1260.0,890.168396,88694
2009-11-02,1210.0,1225.0,1195.0,1225.0,865.441467,77990
2009-11-03,1220.0,1250.0,1220.0,1235.0,872.506226,75070
2009-11-04,1240.0,1280.0,1220.0,1250.0,883.103577,123382
2009-11-05,1240.0,1280.0,1220.0,1235.0,872.506226,125330
2009-11-06,1240.0,1255.0,1235.0,1250.0,883.103577,42160
2009-11-09,1255.0,1265.0,1245.0,1250.0,883.103577,86284
2009-11-10,1255.0,1255.0,1220.0,1220.0,861.909058,68036
2009-11-11,1220.0,1240.0,1220.0,1235.0,872.506226,56110
2009-11-12,1235.0,1245.0,1220.0,1220.0,861.909058,40100
2009-11-13,1220.0,1250.0,1220.0,1245.0,879.571106,98919
2009-11-16,1255.0,1255.0,1235.0,1240.0,876.038879,64491
2009-11-17,1250.0,1250.0,1225.0,1240.0,876.038879,77180
2009-11-18,1225.0,1245.0,1220.0,1225.0,865.441467,43390
2009-11-19,1235.0,1350.0,1230.0,1260.0,890.168396,157850
2009-11-20,1255.0,1290.0,1245.0,1280.0,904.297974,59086
2009-11-23,1265.0,1320.0,1265.0,1315.0,929.024841,124410
2009-11-24,1310.0,1320.0,1290.0,1290.0,911.362915,78453
2009-11-25,1300.0,1300.0,1265.0,1290.0,911.362915,44293
2009-11-26,1270.0,1295.0,1270.0,1275.0,900.765625,48041
2009-11-27,1260.0,1270.0,1200.0,1205.0,851.311829,125745
2009-11-30,1245.0,1245.0,1220.0,1235.0,872.506226,59323
2009-12-01,1230.0,1235.0,1220.0,1225.0,865.441467,64077
2009-12-02,1230.0,1250.0,1230.0,1230.0,868.973755,93655
2009-12-03,1235.0,1245.0,1230.0,1240.0,876.038879,45490
2009-12-04,1230.0,1245.0,1230.0,1245.0,879.571106,33751
2009-12-07,1250.0,1330.0,1240.0,1295.0,914.895081,224500
2009-12-08,1295.0,1350.0,1280.0,1300.0,918.427734,157385
2009-12-09,1290.0,1320.0,1270.0,1305.0,921.960083,102610
2009-12-10,1310.0,1310.0,1285.0,1290.0,911.362915,53176
2009-12-11,1300.0,1360.0,1280.0,1345.0,950.21936,149680
2009-12-14,1370.0,1375.0,1330.0,1350.0,953.751831,74700
2009-12-15,1380.0,1380.0,1350.0,1375.0,971.413757,60199
2009-12-16,1375.0,1410.0,1360.0,1375.0,971.413757,186377
2009-12-17,1375.0,1400.0,1370.0,1375.0,971.413757,88946
2009-12-18,1375.0,1380.0,1350.0,1380.0,974.94635,56050
2009-12-21,1380.0,1380.0,1350.0,1350.0,953.751831,90129
2009-12-22,1350.0,1360.0,1330.0,1335.0,943.154602,94827
2009-12-23,1335.0,1350.0,1310.0,1310.0,925.492493,82671
2009-12-24,1320.0,1345.0,1305.0,1330.0,939.62207,103998
2009-12-28,1325.0,1350.0,1325.0,1340.0,946.68689,121205
2009-12-29,1335.0,1335.0,1280.0,1280.0,904.297974,112760
2009-12-30,1295.0,1295.0,1275.0,1285.0,907.830505,70610
2010-01-04,1285.0,1320.0,1285.0,1285.0,907.830505,73755
2010-01-05,1290.0,1300.0,1270.0,1270.0,897.233093,137195
2010-01-06,1270.0,1310.0,1270.0,1300.0,918.427734,84923
2010-01-07,1285.0,1315.0,1280.0,1285.0,907.830505,85310
2010-01-08,1280.0,1290.0,1275.0,1280.0,904.297974,58000
2010-01-11,1300.0,1300.0,1270.0,1285.0,907.830505,161210
2010-01-12,1300.0,1320.0,1280.0,1315.0,929.024841,232771
2010-01-13,1315.0,1360.0,1295.0,1330.0,939.62207,178245
2010-01-14,1320.0,1350.0,1310.0,1325.0,936.089844,72344
2010-01-15,1325.0,1335.0,1310.0,1320.0,932.557129,47380
2010-01-18,1330.0,1330.0,1290.0,1295.0,914.895081,92030
2010-01-19,1290.0,1305.0,1280.0,1290.0,911.362915,142205
2010-01-20,1315.0,1315.0,1290.0,1305.0,921.960083,135257
2010-01-21,1305.0,1305.0,1285.0,1285.0,907.830505,63882
2010-01-22,1285.0,1300.0,1250.0,1260.0,890.168396,148032
2010-01-25,1245.0,1280.0,1240.0,1265.0,893.700928,90970
2010-01-26,1245.0,1275.0,1225.0,1230.0,868.973755,91904
2010-01-27,1210.0,1255.0,1200.0,1235.0,872.506226,89701
2010-01-28,1225.0,1245.0,1220.0,1245.0,879.571106,43222
2010-01-29,1215.0,1230.0,1195.0,1195.0,844.247009,48757
2010-02-01,1195.0,1230.0,1190.0,1210.0,854.844116,28110
2010-02-02,1210.0,1260.0,1205.0,1230.0,868.973755,80491
2010-02-03,1230.0,1245.0,1205.0,1220.0,861.909058,65190
2010-02-04,1220.0,1230.0,1195.0,1225.0,865.441467,63845
2010-02-05,1195.0,1200.0,1165.0,1185.0,837.182129,116514
2010-02-08,1195.0,1270.0,1160.0,1210.0,854.844116,285317
2010-02-09,1220.0,1240.0,1185.0,1185.0,837.182129,69963
2010-02-10,1200.0,1205.0,1175.0,1175.0,830.117371,50606
2010-02-11,1175.0,1190.0,1170.0,1185.0,837.182129,45681
2010-02-12,1185.0,1195.0,1180.0,1195.0,844.247009,60985
2010-02-16,1190.0,1230.0,1180.0,1200.0,847.779297,131057
2010-02-17,1220.0,1235.0,1210.0,1235.0,872.506226,82680
2010-02-18,1230.0,1250.0,1225.0,1230.0,868.973755,92388
2010-02-19,1230.0,1240.0,1220.0,1220.0,861.909058,80690
2010-02-22,1245.0,1245.0,1225.0,1240.0,876.038879,69920
2010-02-23,1230.0,1290.0,1230.0,1270.0,897.233093,121370
2010-02-24,1270.0,1295.0,1250.0,1270.0,897.233093,66860
2010-02-25,1270.0,1290.0,1245.0,1260.0,890.168396,84710
2010-02-26,1270.0,1340.0,1265.0,1305.0,921.960083,240710
2010-03-02,1325.0,1335.0,1280.0,1295.0,914.895081,150121
2010-03-03,1285.0,1300.0,1260.0,1265.0,893.700928,47940
2010-03-04,1260.0,1290.0,1250.0,1275.0,900.765625,154810
2010-03-05,1280.0,1320.0,1270.0,1275.0,900.765625,54550
2010-03-08,1270.0,1400.0,1270.0,1400.0,989.076111,469674
2010-03-09,1400.0,1500.0,1365.0,1380.0,974.94635,934619
2010-03-10,1380.0,1400.0,1350.0,1375.0,971.413757,185830
2010-03-11,1370.0,1375.0,1330.0,1335.0,943.154602,88850
2010-03-12,1350.0,1355.0,1320.0,1340.0,946.68689,160480
2010-03-15,1330.0,1370.0,1325.0,1340.0,946.68689,70291
2010-03-16,1340.0,1390.0,1340.0,1370.0,967.881409,70685
2010-03-17,1370.0,1425.0,1350.0,1415.0,999.673035,145931
2010-03-18,1390.0,1435.0,1390.0,1405.0,992.608398,126010
2010-03-19,1400.0,1430.0,1385.0,1420.0,1003.205688,70140
2010-03-22,1420.0,1420.0,1380.0,1385.0,978.478638,85874
2010-03-23,1395.0,1415.0,1365.0,1390.0,982.010925,106720
2010-03-24,1395.0,1395.0,1320.0,1325.0,936.089844,213730
2010-03-25,1315.0,1335.0,1300.0,1320.0,932.557129,129800
2010-03-26,1300.0,1340.0,1300.0,1340.0,946.68689,51953
2010-03-29,1360.0,1405.0,1320.0,1370.0,967.881409,273621
2010-03-30,1420.0,1420.0,1365.0,1385.0,978.478638,124910
2010-03-31,1385.0,1410.0,1370.0,1385.0,978.478638,86010
2010-04-01,1365.0,1400.0,1365.0,1385.0,978.478638,86310
2010-04-02,1390.0,1420.0,1355.0,1370.0,967.881409,83501
2010-04-05,1365.0,1395.0,1320.0,1355.0,957.284119,171964
2010-04-06,1335.0,1370.0,1335.0,1360.0,960.816711,84578
2010-04-07,1360.0,1370.0,1340.0,1355.0,957.284119,104510
2010-04-08,1345.0,1360.0,1330.0,1355.0,957.284119,103700
2010-04-09,1350.0,1365.0,1335.0,1350.0,953.751831,119870
2010-04-12,1350.0,1380.0,1335.0,1360.0,960.816711,81044
2010-04-13,1370.0,1375.0,1345.0,1355.0,957.284119,80259
2010-04-14,1370.0,1410.0,1350.0,1410.0,996.14093,167252
2010-04-15,1395.0,1415.0,1390.0,1390.0,982.010925,153986
2010-04-16,1390.0,1435.0,1385.0,1385.0,978.478638,340000
2010-04-19,1385.0,1515.0,1370.0,1480.0,1045.594727,484100
2010-04-20,1480.0,1610.0,1450.0,1490.0,1052.659424,1287773
2010-04-21,1530.0,1605.0,1490.0,1500.0,1059.724121,1153809
2010-04-22,1545.0,1545.0,1460.0,1500.0,1059.724121,364171
2010-04-23,1500.0,1570.0,1490.0,1495.0,1056.191895,463336
2010-04-26,1495.0,1510.0,1450.0,1465.0,1034.997314,299888
2010-04-27,1470.0,1490.0,1440.0,1475.0,1042.062256,292076
2010-04-28,1450.0,1550.0,1435.0,1505.0,1063.256592,393426
2010-04-29,1535.0,1540.0,1480.0,1485.0,1049.126953,206494
2010-04-30,1485.0,1510.0,1460.0,1475.0,1042.062256,175950
2010-05-03,1470.0,1490.0,1440.0,1485.0,1049.126953,220749
2010-05-04,1490.0,1585.0,1490.0,1585.0,1119.775269,718191
2010-05-06,1555.0,1625.0,1510.0,1540.0,1087.983521,715798
2010-05-07,1470.0,1545.0,1470.0,1510.0,1066.789063,244944
2010-05-10,1510.0,1540.0,1480.0,1520.0,1073.853882,282060
2010-05-11,1545.0,1555.0,1500.0,1520.0,1073.853882,283340
2010-05-12,1530.0,1550.0,1485.0,1490.0,1052.659424,248146
2010-05-13,1520.0,1570.0,1495.0,1550.0,1095.048218,402126
2010-05-14,1570.0,1690.0,1530.0,1590.0,1123.307739,1962748
2010-05-17,1625.0,1825.0,1620.0,1760.0,1243.409668,5482006
2010-05-18,1760.0,1765.0,1580.0,1605.0,1133.904785,2335621
2010-05-19,1615.0,1665.0,1560.0,1660.0,1172.761719,1023016
2010-05-20,1640.0,1700.0,1545.0,1545.0,1091.515991,788535
2010-05-24,1490.0,1555.0,1480.0,1505.0,1063.256592,417818
2010-05-25,1500.0,1500.0,1330.0,1395.0,985.543396,861859
2010-05-26,1385.0,1450.0,1380.0,1430.0,1010.270325,321142
2010-05-27,1380.0,1475.0,1380.0,1470.0,1038.529907,185466
2010-05-28,1505.0,1505.0,1465.0,1470.0,1038.529907,161674
2010-05-31,1470.0,1550.0,1460.0,1540.0,1087.983521,199556
2010-06-01,1540.0,1570.0,1500.0,1515.0,1070.321411,172797
2010-06-03,1530.0,1565.0,1520.0,1550.0,1095.048218,153810
2010-06-04,1550.0,1570.0,1490.0,1490.0,1052.659424,273474
2010-06-07,1430.0,1460.0,1420.0,1425.0,1006.738037,293109
2010-06-08,1425.0,1475.0,1405.0,1450.0,1024.400024,101315
2010-06-09,1450.0,1470.0,1410.0,1410.0,996.14093,132915
2010-06-10,1420.0,1585.0,1420.0,1555.0,1098.580811,507454
2010-06-11,1555.0,1615.0,1540.0,1590.0,1123.307739,276220
2010-06-14,1580.0,1630.0,1570.0,1600.0,1130.372559,141911
2010-06-15,1610.0,1615.0,1570.0,1585.0,1119.775269,65740
2010-06-16,1595.0,1600.0,1560.0,1585.0,1119.775269,110421
2010-06-17,1600.0,1675.0,1595.0,1650.0,1165.696655,366060
2010-06-18,1675.0,1675.0,1635.0,1650.0,1165.696655,241850
2010-06-21,1650.0,1745.0,1635.0,1720.0,1215.150391,262587
2010-06-22,1720.0,1855.0,1710.0,1740.0,1229.280029,760341
2010-06-23,1760.0,1785.0,1730.0,1750.0,1236.344971,198841
2010-06-24,1770.0,1780.0,1740.0,1740.0,1229.280029,144502
2010-06-25,1740.0,1765.0,1700.0,1700.0,1201.020996,171178
2010-06-28,1740.0,1755.0,1680.0,1700.0,1201.020996,120903
2010-06-29,1660.0,1720.0,1620.0,1625.0,1148.034424,257920
2010-06-30,1615.0,1660.0,1595.0,1640.0,1158.631714,133890
2010-07-01,1640.0,1665.0,1605.0,1665.0,1176.293945,117411
2010-07-02,1680.0,1695.0,1625.0,1660.0,1172.761719,118101
2010-07-05,1660.0,1740.0,1645.0,1655.0,1169.229004,253916
2010-07-06,1655.0,1675.0,1620.0,1650.0,1165.696655,200840
2010-07-07,1660.0,1695.0,1635.0,1660.0,1172.761719,125600
2010-07-08,1660.0,1695.0,1645.0,1660.0,1172.761719,92091
2010-07-09,1680.0,1680.0,1635.0,1655.0,1169.229004,95110
2010-07-12,1660.0,1660.0,1635.0,1640.0,1158.631714,84380
2010-07-13,1655.0,1670.0,1630.0,1650.0,1165.696655,92670
2010-07-14,1670.0,1670.0,1635.0,1645.0,1162.164307,86430
2010-07-15,1640.0,1655.0,1635.0,1655.0,1169.229004,223436
2010-07-16,1650.0,1660.0,1635.0,1640.0,1158.631714,93901
2010-07-19,1625.0,1640.0,1575.0,1600.0,1130.372559,226710
2010-07-20,1580.0,1605.0,1580.0,1600.0,1130.372559,1801181
2010-07-21,1590.0,1590.0,1515.0,1520.0,1073.853882,1315209
2010-07-22,1520.0,1550.0,1520.0,1535.0,1084.45105,249240
2010-07-23,1550.0,1550.0,1515.0,1545.0,1091.515991,160614
2010-07-26,1530.0,1555.0,1530.0,1545.0,1091.515991,110035
2010-07-27,1545.0,1560.0,1540.0,1545.0,1091.515991,90491
2010-07-28,1550.0,1655.0,1545.0,1590.0,1123.307739,1099730
2010-07-29,1595.0,1610.0,1565.0,1565.0,1105.645874,176630
2010-07-30,1550.0,1560.0,1535.0,1540.0,1087.983521,129220
2010-08-02,1575.0,1575.0,1505.0,1510.0,1066.789063,219790
2010-08-03,1515.0,1520.0,1485.0,1500.0,1059.724121,251970
2010-08-04,1500.0,1510.0,1490.0,1500.0,1059.724121,87758
2010-08-05,1495.0,1520.0,1490.0,1505.0,1063.256592,90560
2010-08-06,1495.0,1530.0,1490.0,1525.0,1077.386353,110220
2010-08-09,1530.0,1600.0,1525.0,1555.0,1098.580811,271460
2010-08-10,1555.0,1590.0,1550.0,1570.0,1109.177856,124110
2010-08-11,1570.0,1595.0,1550.0,1560.0,1102.113281,104420
2010-08-12,1560.0,1590.0,1525.0,1550.0,1095.048218,110825
2010-08-13,1555.0,1570.0,1555.0,1560.0,1102.113281,139175
2010-08-16,1570.0,1580.0,1545.0,1580.0,1116.243042,120319
2010-08-17,1565.0,1625.0,1565.0,1610.0,1137.437256,192433
2010-08-18,1630.0,1630.0,1580.0,1625.0,1148.034424,91600
2010-08-19,1600.0,1660.0,1600.0,1640.0,1158.631714,262125
2010-08-20,1635.0,1640.0,1615.0,1630.0,1151.566895,73000
2010-08-23,1650.0,1650.0,1600.0,1610.0,1137.437256,110305
2010-08-24,1615.0,1640.0,1590.0,1640.0,1158.631714,221495
2010-08-25,1640.0,1700.0,1610.0,1640.0,1158.631714,324015
2010-08-26,1650.0,1685.0,1610.0,1615.0,1140.969727,219530
2010-08-27,1630.0,1630.0,1570.0,1615.0,1140.969727,151090
2010-08-30,1630.0,1630.0,1600.0,1625.0,1148.034424,94215
2010-08-31,1635.0,1695.0,1630.0,1665.0,1176.293945,454266
2010-09-01,1735.0,1840.0,1690.0,1700.0,1201.020996,2370089
2010-09-02,1730.0,1735.0,1665.0,1695.0,1197.488281,513022
2010-09-03,1695.0,1740.0,1685.0,1700.0,1201.020996,348309
2010-09-06,1700.0,1730.0,1670.0,1690.0,1193.955933,372310
2010-09-07,1675.0,1675.0,1645.0,1650.0,1165.696655,262486
2010-09-08,1650.0,1665.0,1630.0,1640.0,1158.631714,80670
2010-09-09,1640.0,1665.0,1625.0,1655.0,1169.229004,168995
2010-09-10,1660.0,1685.0,1635.0,1655.0,1169.229004,208260
2010-09-13,1660.0,1675.0,1635.0,1650.0,1165.696655,169383
2010-09-14,1655.0,1665.0,1615.0,1615.0,1140.969727,248466
2010-09-15,1635.0,1635.0,1595.0,1635.0,1155.099365,211981
2010-09-16,1645.0,1660.0,1620.0,1645.0,1162.164307,137190
2010-09-17,1655.0,1655.0,1600.0,1640.0,1158.631714,188432
2010-09-20,1640.0,1640.0,1620.0,1620.0,1144.502197,50135
2010-09-24,1615.0,1635.0,1605.0,1610.0,1137.437256,58095
2010-09-27,1610.0,1640.0,1610.0,1620.0,1144.502197,190307
2010-09-28,1620.0,1620.0,1605.0,1615.0,1140.969727,255580
2010-09-29,1625.0,1625.0,1585.0,1590.0,1123.307739,233354
2010-09-30,1610.0,1620.0,1600.0,1610.0,1137.437256,51961
2010-10-01,1610.0,1640.0,1610.0,1635.0,1155.099365,104635
2010-10-04,1640.0,1650.0,1615.0,1630.0,1151.566895,113810
2010-10-05,1635.0,1675.0,1630.0,1675.0,1183.358765,255099
2010-10-06,1700.0,1700.0,1650.0,1655.0,1169.229004,132312
2010-10-07,1675.0,1675.0,1640.0,1660.0,1172.761719,104161
2010-10-08,1655.0,1670.0,1645.0,1645.0,1162.164307,72458
2010-10-11,1650.0,1700.0,1650.0,1670.0,1179.82605,213953
2010-10-12,1680.0,1685.0,1635.0,1655.0,1169.229004,150501
2010-10-13,1645.0,1670.0,1630.0,1650.0,1165.696655,141077
2010-10-14,1645.0,1690.0,1645.0,1675.0,1183.358765,266095
2010-10-15,1665.0,1685.0,1660.0,1680.0,1186.891357,84045
2010-10-18,1690.0,1740.0,1690.0,1705.0,1204.553223,218108
2010-10-19,1730.0,1740.0,1700.0,1720.0,1215.150391,275631
2010-10-20,1725.0,1755.0,1700.0,1735.0,1225.747559,157913
2010-10-21,1745.0,1765.0,1725.0,1750.0,1236.344971,229370
2010-10-22,1770.0,1780.0,1725.0,1725.0,1218.682739,246940
2010-10-25,1730.0,1765.0,1725.0,1750.0,1236.344971,271420
2010-10-26,1755.0,1780.0,1755.0,1765.0,1246.942383,159178
2010-10-27,1770.0,1770.0,1725.0,1740.0,1229.280029,199900
2010-10-28,1755.0,1755.0,1700.0,1715.0,1211.61792,260630
2010-10-29,1730.0,1740.0,1705.0,1710.0,1208.085571,175440
2010-11-01,1735.0,1740.0,1710.0,1725.0,1218.682739,169783
2010-11-02,1715.0,1745.0,1700.0,1730.0,1222.21521,263053
2010-11-03,1730.0,1765.0,1720.0,1740.0,1229.280029,251162
2010-11-04,1760.0,1760.0,1720.0,1740.0,1229.280029,221286
2010-11-05,1755.0,1765.0,1730.0,1765.0,1246.942383,229316
2010-11-08,1790.0,1790.0,1755.0,1760.0,1243.409668,176246
2010-11-09,1750.0,1770.0,1735.0,1745.0,1232.812622,143870
2010-11-10,1735.0,1755.0,1735.0,1755.0,1239.877319,99411
2010-11-11,1745.0,1760.0,1700.0,1730.0,1222.21521,155574
2010-11-12,1725.0,1740.0,1655.0,1690.0,1193.955933,282549
2010-11-15,1675.0,1690.0,1640.0,1670.0,1179.82605,453731
2010-11-16,1660.0,1710.0,1660.0,1685.0,1190.423706,248190
2010-11-17,1690.0,1710.0,1660.0,1710.0,1208.085571,9971830
2010-11-18,1725.0,1740.0,1690.0,1715.0,1211.61792,271180
2010-11-19,1720.0,1720.0,1680.0,1695.0,1197.488281,195102
2010-11-22,1715.0,1735.0,1695.0,1735.0,1225.747559,8577374
2010-11-23,1745.0,1790.0,1725.0,1755.0,1239.877319,391985
2010-11-24,1690.0,1720.0,1650.0,1710.0,1208.085571,312256
2010-11-25,1720.0,1740.0,1700.0,1720.0,1215.150391,153895
2010-11-26,1720.0,1730.0,1660.0,1670.0,1179.82605,335718
2010-11-29,1660.0,1680.0,1635.0,1655.0,1169.229004,164830
2010-11-30,1650.0,1675.0,1635.0,1655.0,1169.229004,126597
2010-12-01,1680.0,1685.0,1645.0,1680.0,1186.891357,119394
2010-12-02,1710.0,1750.0,1680.0,1750.0,1236.344971,193004
2010-12-03,1750.0,1760.0,1720.0,1730.0,1222.21521,97550
2010-12-06,1730.0,1760.0,1720.0,1745.0,1232.812622,87510
2010-12-07,1720.0,1740.0,1720.0,1720.0,1215.150391,92774
2010-12-08,1720.0,1725.0,1680.0,1700.0,1201.020996,107460
2010-12-09,1700.0,1710.0,1655.0,1670.0,1179.82605,185445
2010-12-10,1685.0,1705.0,1655.0,1705.0,1204.553223,93021
2010-12-13,1690.0,1705.0,1680.0,1695.0,1197.488281,68205
2010-12-14,1710.0,1720.0,1680.0,1690.0,1193.955933,62350
2010-12-15,1710.0,1710.0,1680.0,1700.0,1201.020996,81682
2010-12-16,1710.0,1715.0,1690.0,1705.0,1204.553223,67840
2010-12-17,1710.0,1710.0,1685.0,1700.0,1201.020996,122050
2010-12-20,1690.0,1690.0,1655.0,1670.0,1179.82605,168491
2010-12-21,1700.0,1700.0,1665.0,1695.0,1197.488281,130668
2010-12-22,1700.0,1700.0,1680.0,1690.0,1193.955933,58212
2010-12-23,1690.0,1720.0,1690.0,1705.0,1204.553223,64980
2010-12-24,1725.0,1725.0,1680.0,1695.0,1197.488281,49890
2010-12-27,1700.0,1700.0,1665.0,1670.0,1179.82605,76310
2010-12-28,1670.0,1730.0,1660.0,1715.0,1211.61792,153780
2010-12-29,1700.0,1710.0,1685.0,1710.0,1240.638794,53530
2010-12-30,1725.0,1725.0,1690.0,1710.0,1240.638794,31640
2011-01-03,1710.0,1710.0,1665.0,1665.0,1207.990356,118200
2011-01-04,1655.0,1680.0,1650.0,1675.0,1215.245605,183040
2011-01-05,1675.0,1700.0,1600.0,1665.0,1207.990356,435499
2011-01-06,1650.0,1670.0,1635.0,1655.0,1200.735107,4837788
2011-01-07,1660.0,1685.0,1650.0,1660.0,1204.362915,104336
2011-01-10,1680.0,1720.0,1650.0,1710.0,1240.638794,223280
2011-01-11,1700.0,1705.0,1650.0,1695.0,1229.755981,151645
2011-01-12,1695.0,1710.0,1690.0,1700.0,1233.383667,56519
2011-01-13,1690.0,1710.0,1670.0,1685.0,1222.500732,142670
2011-01-14,1685.0,1690.0,1670.0,1690.0,1226.12854,78542
2011-01-17,1680.0,1700.0,1675.0,1685.0,1222.500732,67100
2011-01-18,1685.0,1740.0,1685.0,1710.0,1240.638794,379800
2011-01-19,1710.0,1715.0,1660.0,1660.0,1204.362915,197190
2011-01-20,1660.0,1670.0,1635.0,1635.0,1186.224854,136875
2011-01-21,1635.0,1655.0,1620.0,1650.0,1197.107422,125680
2011-01-24,1640.0,1680.0,1635.0,1675.0,1215.245605,94491
2011-01-25,1670.0,1680.0,1640.0,1645.0,1193.480103,65123
2011-01-26,1645.0,1680.0,1630.0,1680.0,1218.873169,195140
2011-01-27,1715.0,1930.0,1675.0,1685.0,1222.500732,3718075
2011-01-28,1710.0,1745.0,1690.0,1730.0,1255.14917,442056
2011-01-31,1700.0,1770.0,1680.0,1720.0,1247.894043,358990
2011-02-01,1695.0,1745.0,1670.0,1685.0,1222.500732,269434
2011-02-07,1665.0,1680.0,1650.0,1660.0,1204.362915,202460
2011-02-08,1660.0,1675.0,1635.0,1635.0,1186.224854,142351
2011-02-09,1650.0,1650.0,1630.0,1630.0,1182.597168,154690
2011-02-10,1625.0,1655.0,1625.0,1655.0,1200.735107,91407
2011-02-11,1650.0,1665.0,1635.0,1635.0,1186.224854,142180
2011-02-14,1640.0,1640.0,1595.0,1605.0,1164.459473,239630
2011-02-15,1595.0,1650.0,1535.0,1650.0,1197.107422,530730
2011-02-16,1605.0,1625.0,1560.0,1565.0,1135.438354,191000
2011-02-17,1560.0,1595.0,1540.0,1540.0,1117.300537,89385
2011-02-18,1540.0,1575.0,1535.0,1565.0,1135.438354,56390
2011-02-21,1565.0,1585.0,1550.0,1550.0,1124.555542,91079
2011-02-22,1540.0,1540.0,1490.0,1495.0,1084.651978,221365
2011-02-23,1490.0,1490.0,1425.0,1425.0,1033.865723,119390
2011-02-24,1425.0,1445.0,1380.0,1425.0,1033.865723,129760
2011-02-25,1420.0,1535.0,1420.0,1470.0,1066.513916,106618
2011-02-28,1480.0,1480.0,1440.0,1445.0,1048.376221,67090
2011-03-02,1425.0,1445.0,1420.0,1420.0,1030.238037,42814
2011-03-03,1420.0,1470.0,1420.0,1430.0,1037.493286,60541
2011-03-04,1440.0,1495.0,1440.0,1470.0,1066.513916,82292
2011-03-07,1470.0,1515.0,1470.0,1480.0,1073.769287,33130
2011-03-08,1480.0,1495.0,1470.0,1490.0,1081.024414,22288
2011-03-09,1505.0,1530.0,1495.0,1515.0,1099.162598,58432
2011-03-10,1545.0,1555.0,1520.0,1520.0,1102.790161,42150
2011-03-11,1480.0,1540.0,1480.0,1495.0,1084.651978,37690
2011-03-14,1500.0,1500.0,1415.0,1440.0,1044.748413,118870
2011-03-15,1420.0,1455.0,1345.0,1355.0,983.079285,141378
2011-03-16,1355.0,1390.0,1350.0,1370.0,993.962219,130610
2011-03-17,1340.0,1350.0,1300.0,1340.0,972.196533,176493
2011-03-18,1385.0,1540.0,1360.0,1405.0,1019.355347,283528
2011-03-21,1410.0,1485.0,1405.0,1475.0,1070.141724,79948
2011-03-22,1500.0,1530.0,1485.0,1530.0,1110.045288,112350
2011-03-23,1540.0,1560.0,1460.0,1530.0,1110.045288,59253
2011-03-24,1530.0,1545.0,1485.0,1505.0,1091.907349,68770
2011-03-25,1540.0,1540.0,1500.0,1520.0,1102.790161,78953
2011-03-28,1540.0,1545.0,1505.0,1520.0,1102.790161,33870
2011-03-29,1520.0,1525.0,1500.0,1505.0,1091.907349,21008
2011-03-30,1495.0,1540.0,1495.0,1520.0,1102.790161,90770
2011-03-31,1515.0,1550.0,1515.0,1540.0,1117.300537,38540
2011-04-01,1550.0,1610.0,1520.0,1585.0,1149.948975,139050
2011-04-04,1585.0,1595.0,1550.0,1575.0,1142.693726,81151
2011-04-05,1595.0,1595.0,1550.0,1550.0,1124.555542,35790
2011-04-06,1535.0,1585.0,1535.0,1570.0,1139.065796,142060
2011-04-07,1560.0,1575.0,1550.0,1560.0,1131.810913,74587
2011-04-08,1560.0,1595.0,1555.0,1555.0,1128.183228,59623
2011-04-11,1555.0,1565.0,1530.0,1530.0,1110.045288,71641
2011-04-12,1560.0,1615.0,1525.0,1550.0,1124.555542,301775
2011-04-13,1570.0,1570.0,1530.0,1535.0,1113.672974,48837
2011-04-14,1550.0,1555.0,1520.0,1550.0,1124.555542,88890
2011-04-15,1535.0,1565.0,1535.0,1545.0,1120.927979,65786
2011-04-18,1565.0,1565.0,1520.0,1520.0,1102.790161,153823
2011-04-19,1520.0,1530.0,1485.0,1490.0,1081.024414,140063
2011-04-20,1495.0,1515.0,1490.0,1500.0,1088.279785,60470
2011-04-21,1500.0,1520.0,1470.0,1470.0,1066.513916,155510
2011-04-22,1495.0,1495.0,1460.0,1460.0,1059.258789,74241
2011-04-25,1450.0,1465.0,1430.0,1450.0,1052.003662,131960
2011-04-26,1470.0,1470.0,1445.0,1450.0,1052.003662,59090
2011-04-27,1445.0,1465.0,1400.0,1430.0,1037.493286,89420
2011-04-28,1450.0,1450.0,1420.0,1425.0,1033.865723,26253
2011-04-29,1450.0,1450.0,1395.0,1410.0,1022.982666,170601
2011-05-02,1425.0,1425.0,1385.0,1390.0,1008.472351,150070
2011-05-03,1400.0,1455.0,1395.0,1450.0,1052.003662,96275
2011-05-04,1450.0,1475.0,1425.0,1450.0,1052.003662,36830
2011-05-06,1460.0,1460.0,1400.0,1415.0,1026.610718,26390
2011-05-09,1410.0,1425.0,1400.0,1400.0,1015.7276,44720
2011-05-11,1410.0,1410.0,1370.0,1400.0,1015.7276,53260
2011-05-12,1390.0,1410.0,1385.0,1410.0,1022.982666,77389
2011-05-13,1400.0,1410.0,1395.0,1400.0,1015.7276,11490
2011-05-16,1390.0,1420.0,1390.0,1420.0,1030.238037,25195
2011-05-17,1415.0,1420.0,1395.0,1415.0,1026.610718,17520
2011-05-18,1410.0,1425.0,1400.0,1420.0,1030.238037,54712
2011-05-19,1420.0,1440.0,1395.0,1395.0,1012.100037,50056
2011-05-20,1390.0,1425.0,1390.0,1420.0,1030.238037,36600
2011-05-23,1385.0,1400.0,1385.0,1395.0,1012.100037,38860
2011-05-24,1395.0,1410.0,1370.0,1395.0,1012.100037,28768
2011-05-25,1400.0,1400.0,1365.0,1365.0,990.334473,38890
2011-05-26,1400.0,1405.0,1370.0,1405.0,1019.355347,20360
2011-05-27,1425.0,1425.0,1385.0,1395.0,1012.100037,26740
2011-05-30,1395.0,1420.0,1395.0,1415.0,1026.610718,9020
2011-05-31,1430.0,1430.0,1400.0,1415.0,1026.610718,22990
2011-06-01,1420.0,1430.0,1400.0,1410.0,1022.982666,85062
2011-06-02,1400.0,1420.0,1390.0,1400.0,1015.7276,65369
2011-06-03,1420.0,1420.0,1400.0,1420.0,1030.238037,75870
2011-06-07,1420.0,1420.0,1400.0,1410.0,1022.982666,127182
2011-06-08,1400.0,1420.0,1395.0,1400.0,1015.7276,48640
2011-06-09,1420.0,1420.0,1380.0,1395.0,1012.100037,58490
2011-06-10,1405.0,1410.0,1370.0,1385.0,1004.844971,78790
2011-06-13,1385.0,1385.0,1335.0,1355.0,983.079285,102910
2011-06-14,1355.0,1380.0,1345.0,1350.0,979.451782,121552
2011-06-15,1375.0,1380.0,1350.0,1355.0,983.079285,21960
2011-06-16,1355.0,1360.0,1345.0,1345.0,975.824097,16730
2011-06-17,1340.0,1355.0,1315.0,1320.0,957.686279,246830
2011-06-20,1330.0,1355.0,1300.0,1305.0,946.803284,79149
2011-06-21,1335.0,1395.0,1320.0,1375.0,997.5896,107450
2011-06-22,1375.0,1420.0,1355.0,1405.0,1019.355347,53240
2011-06-23,1385.0,1410.0,1375.0,1390.0,1008.472351,32310
2011-06-24,1410.0,1425.0,1375.0,1400.0,1015.7276,57509
2011-06-27,1400.0,1430.0,1390.0,1425.0,1033.865723,93298
2011-06-28,1430.0,1465.0,1415.0,1415.0,1026.610718,119278
2011-06-29,1430.0,1430.0,1395.0,1420.0,1052.553711,49870
2011-06-30,1410.0,1435.0,1410.0,1435.0,1063.672119,66549
2011-07-01,1445.0,1460.0,1420.0,1425.0,1056.26001,43280
2011-07-04,1425.0,1440.0,1420.0,1440.0,1067.378662,44280
2011-07-05,1450.0,1475.0,1420.0,1425.0,1056.26001,109818
2011-07-06,1420.0,1445.0,1420.0,1435.0,1063.672119,41932
2011-07-07,1425.0,1450.0,1420.0,1430.0,1059.966064,88111
2011-07-08,1430.0,1445.0,1420.0,1440.0,1067.378662,42086
2011-07-11,1440.0,1450.0,1410.0,1435.0,1063.672119,17330
2011-07-12,1435.0,1435.0,1400.0,1400.0,1037.729004,74707
2011-07-13,1395.0,1410.0,1395.0,1400.0,1037.729004,33941
2011-07-14,1395.0,1425.0,1390.0,1410.0,1045.141357,64622
2011-07-15,1420.0,1420.0,1395.0,1415.0,1048.847412,77569
2011-07-18,1420.0,1460.0,1415.0,1450.0,1074.790649,176053
2011-07-19,1450.0,1515.0,1440.0,1490.0,1104.440063,144711
2011-07-20,1485.0,1515.0,1460.0,1490.0,1104.440063,129960
2011-07-21,1485.0,1500.0,1455.0,1490.0,1104.440063,112530
2011-07-22,1485.0,1505.0,1480.0,1490.0,1104.440063,44552
2011-07-25,1495.0,1515.0,1475.0,1490.0,1104.440063,62123
2011-07-26,1490.0,1525.0,1490.0,1515.0,1122.971069,132520
2011-07-27,1530.0,1535.0,1500.0,1515.0,1122.971069,41215
2011-07-28,1485.0,1515.0,1485.0,1515.0,1122.971069,49466
2011-07-29,1515.0,1520.0,1485.0,1485.0,1100.733887,113857
2011-08-01,1505.0,1510.0,1480.0,1480.0,1097.027832,60487
2011-08-02,1515.0,1515.0,1460.0,1480.0,1097.027832,50787
2011-08-03,1450.0,1460.0,1425.0,1430.0,1059.966064,100340
2011-08-04,1430.0,1450.0,1415.0,1415.0,1048.847412,31490
2011-08-05,1320.0,1395.0,1315.0,1325.0,982.136536,155869
2011-08-08,1300.0,1325.0,1145.0,1185.0,878.363586,745520
2011-08-09,1160.0,1160.0,1010.0,1030.0,763.472168,929700
2011-08-10,1105.0,1115.0,1060.0,1090.0,807.946228,496050
2011-08-11,1065.0,1150.0,1030.0,1130.0,837.595581,190216
2011-08-12,1155.0,1210.0,1145.0,1150.0,852.420227,228865
2011-08-16,1180.0,1230.0,1180.0,1215.0,900.600525,142491
2011-08-17,1220.0,1300.0,1205.0,1285.0,952.487,176060
2011-08-18,1290.0,1290.0,1200.0,1240.0,919.13147,320734
2011-08-19,1195.0,1200.0,1100.0,1120.0,830.183105,778650
2011-08-22,1110.0,1155.0,1110.0,1130.0,837.595581,103340
2011-08-23,1160.0,1205.0,1160.0,1180.0,874.657349,272990
2011-08-24,1195.0,1215.0,1175.0,1200.0,889.482056,161820
2011-08-25,1210.0,1245.0,1180.0,1200.0,889.482056,134180
2011-08-26,1220.0,1220.0,1185.0,1190.0,882.069641,68650
2011-08-29,1220.0,1240.0,1205.0,1215.0,900.600525,88870
2011-08-30,1225.0,1260.0,1225.0,1260.0,933.956116,152010
2011-08-31,1260.0,1260.0,1230.0,1250.0,926.543823,43299
2011-09-01,1260.0,1270.0,1250.0,1265.0,937.662292,98580
2011-09-02,1280.0,1285.0,1245.0,1260.0,933.956116,155213
2011-09-05,1255.0,1265.0,1235.0,1250.0,926.543823,65620
2011-09-06,1250.0,1250.0,1185.0,1225.0,908.013062,155090
2011-09-07,1225.0,1260.0,1220.0,1260.0,933.956116,121230
2011-09-08,1275.0,1280.0,1235.0,1265.0,937.662292,188506
2011-09-09,1275.0,1405.0,1265.0,1330.0,985.842468,430840
2011-09-14,1300.0,1335.0,1235.0,1250.0,926.543823,215206
2011-09-15,1255.0,1270.0,1210.0,1215.0,900.600525,122840
2011-09-16,1240.0,1265.0,1230.0,1245.0,922.837524,93618
2011-09-19,1245.0,1285.0,1230.0,1230.0,911.718994,112226
2011-09-20,1265.0,1265.0,1230.0,1240.0,919.13147,40704
2011-09-21,1240.0,1245.0,1225.0,1245.0,922.837524,88870
2011-09-22,1240.0,1250.0,1220.0,1225.0,908.013062,121552
2011-09-23,1160.0,1195.0,1145.0,1185.0,878.363586,97370
2011-09-26,1185.0,1185.0,1100.0,1110.0,822.770935,63335
2011-09-27,1110.0,1155.0,1110.0,1135.0,841.301819,57585
2011-09-28,1190.0,1190.0,1150.0,1150.0,852.420227,43480
2011-09-29,1180.0,1180.0,1130.0,1160.0,859.832642,30270
2011-09-30,1195.0,1195.0,1160.0,1170.0,867.244873,10690
2011-10-04,1120.0,1145.0,1070.0,1110.0,822.770935,129302
2011-10-05,1120.0,1120.0,1020.0,1025.0,759.76593,147058
2011-10-06,1045.0,1090.0,1045.0,1060.0,785.709106,86984
2011-10-07,1070.0,1130.0,1070.0,1125.0,833.889221,34530
2011-10-10,1125.0,1160.0,1115.0,1135.0,841.301819,89767
2011-10-11,1150.0,1190.0,1150.0,1165.0,863.538757,34250
2011-10-12,1170.0,1285.0,1125.0,1180.0,874.657349,458401
2011-10-13,1205.0,1270.0,1205.0,1260.0,933.956116,288780
2011-10-14,1260.0,1285.0,1225.0,1260.0,933.956116,71678
2011-10-17,1245.0,1280.0,1240.0,1265.0,937.662292,121016
2011-10-18,1250.0,1260.0,1225.0,1240.0,919.13147,73149
2011-10-19,1240.0,1250.0,1210.0,1250.0,926.543823,77111
2011-10-20,1270.0,1335.0,1220.0,1220.0,904.306641,156380
2011-10-21,1265.0,1265.0,1230.0,1245.0,922.837524,38480
2011-10-24,1265.0,1285.0,1240.0,1240.0,919.13147,97720
2011-10-25,1265.0,1265.0,1225.0,1245.0,922.837524,44510
2011-10-26,1255.0,1255.0,1230.0,1230.0,911.718994,57740
2011-10-27,1250.0,1280.0,1235.0,1235.0,915.42511,91249
2011-10-28,1275.0,1280.0,1250.0,1270.0,941.368591,82995
2011-10-31,1280.0,1280.0,1255.0,1265.0,937.662292,86600
2011-11-01,1235.0,1310.0,1235.0,1295.0,959.899353,79360
2011-11-02,1265.0,1280.0,1250.0,1260.0,933.956116,89090
2011-11-03,1265.0,1280.0,1255.0,1270.0,941.368591,26670
2011-11-04,1280.0,1320.0,1270.0,1310.0,971.018005,115709
2011-11-07,1320.0,1380.0,1315.0,1325.0,982.136536,143980
2011-11-08,1345.0,1345.0,1310.0,1310.0,971.018005,62772
2011-11-09,1340.0,1340.0,1295.0,1340.0,993.255005,75826
2011-11-10,1290.0,1290.0,1240.0,1270.0,941.368591,151846
2011-11-11,1285.0,1285.0,1260.0,1275.0,945.074585,42586
2011-11-14,1290.0,1330.0,1290.0,1310.0,971.018005,99186
2011-11-15,1310.0,1340.0,1295.0,1320.0,978.430176,124110
2011-11-16,1320.0,1370.0,1295.0,1320.0,978.430176,164180
2011-11-17,1325.0,1330.0,1300.0,1320.0,978.430176,35090
2011-11-18,1300.0,1310.0,1280.0,1300.0,963.60553,43820
2011-11-21,1285.0,1320.0,1280.0,1280.0,948.780823,37021
2011-11-22,1285.0,1290.0,1265.0,1280.0,948.780823,45284
2011-11-23,1280.0,1290.0,1220.0,1225.0,908.013062,112440
2011-11-24,1220.0,1240.0,1205.0,1215.0,900.600525,61777
2011-11-25,1215.0,1225.0,1200.0,1200.0,889.482056,76215
2011-11-28,1200.0,1220.0,1200.0,1205.0,893.18811,42300
2011-11-29,1205.0,1225.0,1200.0,1205.0,893.18811,226770
2011-11-30,1210.0,1245.0,1210.0,1245.0,922.837524,134854
2011-12-01,1250.0,1270.0,1245.0,1250.0,926.543823,135524
2011-12-02,1260.0,1270.0,1240.0,1250.0,926.543823,68385
2011-12-05,1265.0,1435.0,1255.0,1435.0,1063.672119,1703571
2011-12-06,1530.0,1605.0,1420.0,1470.0,1089.615479,4269355
2011-12-07,1540.0,1545.0,1470.0,1510.0,1119.264893,1511688
2011-12-08,1560.0,1735.0,1545.0,1735.0,1286.042725,5174713
2011-12-09,1820.0,1915.0,1575.0,1600.0,1185.97583,7213618
2011-12-12,1620.0,1625.0,1425.0,1460.0,1082.203125,4668492
2011-12-13,1485.0,1520.0,1410.0,1450.0,1074.790649,2314615
2011-12-14,1440.0,1460.0,1365.0,1385.0,1026.610718,1266543
2011-12-15,1385.0,1475.0,1375.0,1375.0,1019.198181,1709620
2011-12-16,1405.0,1480.0,1380.0,1415.0,1048.847412,1388390
2011-12-19,1425.0,1440.0,1220.0,1290.0,956.193115,1072470
2011-12-20,1345.0,1480.0,1320.0,1445.0,1071.084473,3368204
2011-12-21,1380.0,1455.0,1365.0,1395.0,1034.022949,2052685
2011-12-22,1410.0,1445.0,1390.0,1395.0,1034.022949,811227
2011-12-23,1400.0,1430.0,1395.0,1410.0,1045.141357,658370
2011-12-26,1435.0,1465.0,1410.0,1425.0,1056.26001,883359
2011-12-27,1440.0,1440.0,1355.0,1375.0,1019.198181,675769
2011-12-28,1370.0,1370.0,1320.0,1320.0,1019.198181,379560
2011-12-29,1330.0,1370.0,1305.0,1335.0,1030.779907,478733
2012-01-02,1335.0,1360.0,1295.0,1310.0,1011.476929,377065
2012-01-03,1350.0,1350.0,1315.0,1340.0,1034.640625,239260
2012-01-04,1355.0,1385.0,1345.0,1375.0,1061.664795,520260
2012-01-05,1375.0,1575.0,1375.0,1465.0,1131.155762,2944740
2012-01-06,1485.0,1525.0,1450.0,1475.0,1138.876831,1309045
2012-01-09,1475.0,1525.0,1415.0,1500.0,1158.179688,1071639
2012-01-10,1505.0,1585.0,1480.0,1520.0,1173.622192,2159749
2012-01-11,1535.0,1540.0,1430.0,1430.0,1104.131226,896845
2012-01-12,1435.0,1470.0,1390.0,1390.0,1073.24646,481549
2012-01-13,1395.0,1420.0,1385.0,1410.0,1088.688843,234362
2012-01-16,1385.0,1405.0,1350.0,1365.0,1053.943481,328950
2012-01-17,1370.0,1390.0,1370.0,1375.0,1061.664795,205761
2012-01-18,1375.0,1395.0,1355.0,1355.0,1046.22229,248741
2012-01-19,1375.0,1385.0,1350.0,1355.0,1046.22229,295115
2012-01-20,1360.0,1405.0,1350.0,1400.0,1080.967651,402215
2012-01-25,1400.0,1440.0,1375.0,1375.0,1061.664795,339341
2012-01-26,1390.0,1405.0,1375.0,1400.0,1080.967651,175300
2012-01-27,1410.0,1425.0,1390.0,1400.0,1080.967651,345961
2012-01-30,1415.0,1460.0,1405.0,1425.0,1100.27063,472547
2012-01-31,1460.0,1490.0,1430.0,1435.0,1107.991943,660420
2012-02-01,1440.0,1460.0,1425.0,1450.0,1119.573608,337105
2012-02-02,1475.0,1480.0,1435.0,1435.0,1107.991943,469041
2012-02-03,1440.0,1460.0,1435.0,1440.0,1111.852539,308206
2012-02-06,1465.0,1505.0,1440.0,1445.0,1115.713135,1072773
2012-02-07,1510.0,1560.0,1470.0,1520.0,1173.622192,1463535
2012-02-08,1545.0,1560.0,1500.0,1515.0,1169.761719,603144
2012-02-09,1530.0,1615.0,1510.0,1590.0,1227.67041,1275219
2012-02-10,1590.0,1590.0,1550.0,1550.0,1196.785645,401543
2012-02-13,1540.0,1545.0,1510.0,1510.0,1165.900879,488826
2012-02-14,1510.0,1535.0,1500.0,1515.0,1169.761719,315696
2012-02-15,1520.0,1535.0,1500.0,1520.0,1173.622192,402566
2012-02-16,1505.0,1550.0,1485.0,1500.0,1158.179688,257093
2012-02-17,1505.0,1515.0,1475.0,1500.0,1158.179688,308030
2012-02-20,1515.0,1600.0,1500.0,1570.0,1212.228149,730091
2012-02-21,1575.0,1620.0,1575.0,1600.0,1235.391724,746134
2012-02-22,1600.0,1650.0,1590.0,1615.0,1246.973511,649720
2012-02-23,1590.0,1615.0,1575.0,1580.0,1219.949219,261770
2012-02-24,1595.0,1815.0,1580.0,1815.0,1401.397461,3730473
2012-02-27,2025.0,2085.0,1685.0,1700.0,1312.603638,11997038
2012-02-28,1735.0,1955.0,1700.0,1810.0,1397.536865,6431849
2012-02-29,1870.0,2050.0,1860.0,2050.0,1582.845703,4881170
2012-03-02,2050.0,2190.0,1960.0,2030.0,1567.403076,5907844
2012-03-05,1995.0,2015.0,1905.0,1920.0,1482.469971,2548621
2012-03-06,1935.0,2005.0,1780.0,1855.0,1432.282104,3167499
2012-03-07,1835.0,1900.0,1760.0,1815.0,1401.397461,1503968
2012-03-08,1825.0,2040.0,1800.0,1905.0,1470.888184,3345265
2012-03-09,1950.0,2190.0,1910.0,2190.0,1690.942383,7140927
2012-03-12,2245.0,2315.0,2020.0,2075.0,1602.148682,9590672
2012-03-13,2065.0,2255.0,2045.0,2235.0,1725.687744,6530709
2012-03-14,2250.0,2315.0,2115.0,2155.0,1663.918091,5180552
2012-03-15,2215.0,2235.0,1945.0,1970.0,1521.07605,5014894
2012-03-16,1970.0,2025.0,1940.0,1940.0,1497.912354,2414662
2012-03-19,1965.0,2050.0,1930.0,2025.0,1563.542725,2057249
2012-03-20,2010.0,2040.0,1870.0,1870.0,1443.864014,3025082
2012-03-21,1850.0,1860.0,1715.0,1745.0,1347.349121,2292835
2012-03-22,1755.0,1820.0,1730.0,1745.0,1347.349121,1470162
2012-03-23,1745.0,1865.0,1730.0,1835.0,1416.839722,1675686
2012-03-26,1835.0,1850.0,1760.0,1760.0,1358.930908,827411
2012-03-27,1780.0,1840.0,1770.0,1825.0,1409.11853,785679
2012-03-28,1825.0,1885.0,1800.0,1830.0,1412.979248,791812
2012-03-29,1805.0,1870.0,1725.0,1725.0,1331.906738,930592
2012-03-30,1735.0,1755.0,1680.0,1690.0,1304.882324,799308
2012-04-02,1725.0,1890.0,1700.0,1800.0,1389.815796,1677287
2012-04-03,1815.0,1830.0,1770.0,1790.0,1382.094604,796841
2012-04-04,1805.0,1870.0,1700.0,1735.0,1339.627808,1419405
2012-04-05,1735.0,1770.0,1650.0,1770.0,1366.651978,721657
2012-04-06,1785.0,1800.0,1725.0,1780.0,1374.373169,492013
2012-04-09,1760.0,1785.0,1695.0,1695.0,1308.743042,565123
2012-04-10,1670.0,1720.0,1605.0,1635.0,1262.415894,650353
2012-04-12,1635.0,1700.0,1620.0,1700.0,1312.603638,346722
2012-04-13,1710.0,1755.0,1630.0,1675.0,1293.300659,673920
2012-04-16,1675.0,1705.0,1650.0,1690.0,1304.882324,222132
2012-04-17,1695.0,1710.0,1665.0,1675.0,1293.300659,222725
2012-04-18,1690.0,1815.0,1690.0,1770.0,1366.651978,1310686
2012-04-19,1785.0,1820.0,1750.0,1820.0,1405.258179,596561
2012-04-20,1815.0,1845.0,1795.0,1830.0,1412.979248,779839
2012-04-23,1840.0,1860.0,1710.0,1710.0,1320.324951,653292
2012-04-24,1695.0,1695.0,1645.0,1670.0,1289.440063,644830
2012-04-25,1675.0,1695.0,1640.0,1655.0,1277.858276,425742
2012-04-26,1660.0,1680.0,1610.0,1620.0,1250.833984,406120
2012-04-27,1635.0,1635.0,1570.0,1595.0,1231.531006,704195
2012-04-30,1595.0,1610.0,1555.0,1590.0,1227.67041,505258
2012-05-02,1590.0,1630.0,1580.0,1620.0,1250.833984,277413
2012-05-03,1630.0,1650.0,1615.0,1630.0,1258.55542,206275
2012-05-04,1625.0,1790.0,1620.0,1690.0,1304.882324,1345852
2012-05-07,1660.0,1685.0,1600.0,1620.0,1250.833984,416478
2012-05-08,1640.0,1670.0,1615.0,1645.0,1270.137085,347390
2012-05-09,1640.0,1745.0,1630.0,1690.0,1304.882324,705864
2012-05-10,1695.0,1745.0,1680.0,1740.0,1343.488525,913656
2012-05-11,1750.0,1750.0,1695.0,1695.0,1308.743042,500528
2012-05-14,1695.0,1735.0,1640.0,1640.0,1266.276611,483770
2012-05-15,1630.0,1630.0,1560.0,1575.0,1216.088623,686880
2012-05-16,1560.0,1580.0,1530.0,1535.0,1185.203857,256941
2012-05-17,1535.0,1570.0,1525.0,1560.0,1204.506836,332606
2012-05-18,1535.0,1535.0,1470.0,1505.0,1162.040283,511796
2012-05-21,1510.0,1515.0,1490.0,1490.0,1150.458618,357971
2012-05-22,1505.0,1665.0,1505.0,1595.0,1231.531006,330446
2012-05-23,1595.0,1650.0,1575.0,1575.0,1216.088623,137610
2012-05-24,1575.0,1650.0,1575.0,1640.0,1266.276611,223806
2012-05-25,1660.0,1660.0,1620.0,1635.0,1262.415894,141793
2012-05-29,1635.0,1635.0,1580.0,1595.0,1231.531006,208335
2012-05-30,1600.0,1615.0,1540.0,1550.0,1196.785645,278488
2012-05-31,1550.0,1580.0,1530.0,1555.0,1200.646362,159014
2012-06-01,1560.0,1580.0,1550.0,1550.0,1196.785645,99410
2012-06-04,1485.0,1510.0,1475.0,1475.0,1138.876831,453623
2012-06-05,1475.0,1505.0,1475.0,1495.0,1154.319092,210100
2012-06-07,1495.0,1545.0,1485.0,1500.0,1158.179688,317073
2012-06-08,1505.0,1605.0,1500.0,1565.0,1208.367554,868106
2012-06-11,1600.0,1615.0,1550.0,1615.0,1246.973511,327627
2012-06-12,1575.0,1605.0,1560.0,1565.0,1208.367554,367693
2012-06-13,1580.0,1590.0,1545.0,1550.0,1196.785645,210834
2012-06-14,1535.0,1565.0,1535.0,1545.0,1192.925171,152431
2012-06-15,1550.0,1565.0,1525.0,1535.0,1185.203857,177086
2012-06-18,1560.0,1575.0,1550.0,1570.0,1212.228149,159262
2012-06-19,1555.0,1615.0,1530.0,1590.0,1227.67041,504829
2012-06-20,1605.0,1630.0,1585.0,1615.0,1246.973511,254495
2012-06-21,1635.0,1635.0,1595.0,1615.0,1246.973511,203971
2012-06-22,1585.0,1615.0,1575.0,1600.0,1235.391724,127800
2012-06-25,1605.0,1660.0,1575.0,1640.0,1266.276611,279243
2012-06-26,1655.0,1690.0,1640.0,1670.0,1289.440063,472930
2012-06-27,1675.0,1675.0,1625.0,1645.0,1270.137085,181171
2012-06-28,1645.0,1665.0,1595.0,1605.0,1266.192505,316690
2012-06-29,1600.0,1635.0,1590.0,1625.0,1281.970459,163438
2012-07-02,1635.0,1635.0,1590.0,1590.0,1254.358887,177360
2012-07-03,1595.0,1620.0,1595.0,1610.0,1270.137085,155370
2012-07-04,1620.0,1675.0,1620.0,1670.0,1317.471436,387110
2012-07-05,1680.0,1680.0,1640.0,1640.0,1293.804199,160773
2012-07-06,1655.0,1725.0,1645.0,1690.0,1333.249634,733576
2012-07-09,1695.0,1720.0,1665.0,1675.0,1321.415894,367420
2012-07-10,1700.0,1710.0,1630.0,1630.0,1285.915039,313102
2012-07-11,1645.0,1650.0,1620.0,1630.0,1285.915039,204516
2012-07-12,1640.0,1650.0,1585.0,1585.0,1250.414429,265295
2012-07-13,1580.0,1600.0,1550.0,1565.0,1234.636353,414457
2012-07-16,1575.0,1585.0,1550.0,1555.0,1226.747437,194266
2012-07-17,1560.0,1585.0,1540.0,1565.0,1234.636353,148548
2012-07-18,1570.0,1600.0,1565.0,1565.0,1234.636353,227760
2012-07-19,1585.0,1595.0,1575.0,1590.0,1254.358887,144258
2012-07-20,1595.0,1595.0,1560.0,1575.0,1242.525391,278307
2012-07-23,1575.0,1580.0,1530.0,1540.0,1214.913696,169391
2012-07-24,1520.0,1535.0,1495.0,1510.0,1191.246582,254666
2012-07-25,1510.0,1515.0,1480.0,1485.0,1171.523926,260421
2012-07-26,1480.0,1520.0,1480.0,1510.0,1191.246582,128094
2012-07-27,1530.0,1555.0,1520.0,1520.0,1199.13562,152396
2012-07-30,1530.0,1540.0,1505.0,1525.0,1203.0802,128040
2012-07-31,1520.0,1540.0,1515.0,1540.0,1214.913696,107300
2012-08-01,1535.0,1550.0,1520.0,1545.0,1218.858154,87430
2012-08-02,1540.0,1555.0,1530.0,1540.0,1214.913696,54724
2012-08-03,1535.0,1540.0,1520.0,1530.0,1207.02478,55610
2012-08-06,1540.0,1540.0,1520.0,1535.0,1210.969116,210902
2012-08-07,1525.0,1545.0,1525.0,1530.0,1207.02478,54599
2012-08-08,1535.0,1580.0,1530.0,1540.0,1214.913696,217971
2012-08-09,1545.0,1590.0,1545.0,1560.0,1230.691772,259150
2012-08-10,1555.0,1590.0,1555.0,1585.0,1250.414429,173730
2012-08-13,1575.0,1605.0,1575.0,1580.0,1246.469849,107506
2012-08-14,1580.0,1605.0,1575.0,1590.0,1254.358887,82190
2012-08-16,1590.0,1595.0,1565.0,1580.0,1246.469849,228730
2012-08-17,1590.0,1605.0,1565.0,1565.0,1234.636353,201270
2012-08-20,1570.0,1625.0,1550.0,1615.0,1274.081665,318823
2012-08-21,1620.0,1635.0,1615.0,1615.0,1274.081665,302153
2012-08-22,1615.0,1630.0,1595.0,1615.0,1274.081665,203475
2012-08-23,1615.0,1630.0,1590.0,1600.0,1262.248047,215394
2012-08-24,1595.0,1600.0,1570.0,1580.0,1246.469849,172283
2012-08-27,1570.0,1600.0,1570.0,1595.0,1258.303345,183683
2012-08-28,1590.0,1615.0,1585.0,1595.0,1258.303345,95093
2012-08-29,1600.0,1630.0,1600.0,1615.0,1274.081665,126244
2012-08-30,1640.0,1650.0,1600.0,1605.0,1266.192505,269653
2012-08-31,1605.0,1625.0,1590.0,1610.0,1270.137085,1135697
2012-09-03,1615.0,1700.0,1615.0,1700.0,1341.138794,456917
2012-09-04,1710.0,1710.0,1670.0,1685.0,1329.305176,222140
2012-09-05,1695.0,1695.0,1630.0,1645.0,1297.748901,288031
2012-09-06,1655.0,1670.0,1630.0,1650.0,1301.693359,157971
2012-09-07,1670.0,1690.0,1635.0,1640.0,1293.804199,228210
2012-09-10,1645.0,1665.0,1635.0,1640.0,1293.804199,188342
2012-09-11,1635.0,1670.0,1630.0,1670.0,1317.471436,113182
2012-09-12,1670.0,1670.0,1645.0,1665.0,1313.526855,177218
2012-09-13,1665.0,1665.0,1635.0,1650.0,1301.693359,181231
2012-09-14,1660.0,1785.0,1660.0,1725.0,1360.861084,639710
2012-09-17,1730.0,1745.0,1700.0,1710.0,1349.027466,226439
2012-09-18,1730.0,1745.0,1695.0,1720.0,1356.916504,153414
2012-09-19,1720.0,1745.0,1715.0,1735.0,1368.750244,130900
2012-09-20,1750.0,1785.0,1715.0,1715.0,1352.972168,242962
2012-09-21,1720.0,1735.0,1670.0,1720.0,1356.916504,320055
2012-09-24,1720.0,1735.0,1700.0,1705.0,1345.08313,114670
2012-09-25,1710.0,1710.0,1665.0,1675.0,1321.415894,243812
2012-09-26,1655.0,1780.0,1620.0,1720.0,1356.916504,500122
2012-09-27,1725.0,1750.0,1690.0,1730.0,1364.805786,185930
2012-09-28,1735.0,1740.0,1710.0,1735.0,1368.750244,117021
2012-10-02,1735.0,1740.0,1710.0,1730.0,1364.805786,74310
2012-10-04,1730.0,1735.0,1715.0,1725.0,1360.861084,142960
2012-10-05,1725.0,1740.0,1715.0,1720.0,1356.916504,114654
2012-10-08,1710.0,1725.0,1685.0,1690.0,1333.249634,199694
2012-10-09,1685.0,1705.0,1675.0,1695.0,1337.19397,259391
2012-10-10,1700.0,1730.0,1680.0,1710.0,1349.027466,184710
2012-10-11,1715.0,1760.0,1690.0,1700.0,1341.138794,374092
2012-10-12,1695.0,1730.0,1695.0,1700.0,1341.138794,182070
2012-10-15,1695.0,1730.0,1670.0,1680.0,1325.360229,336150
2012-10-16,1670.0,1700.0,1670.0,1695.0,1337.19397,192270
2012-10-17,1715.0,1720.0,1675.0,1685.0,1329.305176,202977
2012-10-18,1685.0,1700.0,1655.0,1655.0,1305.637817,192279
2012-10-19,1670.0,1675.0,1640.0,1655.0,1305.637817,176210
2012-10-22,1630.0,1660.0,1625.0,1655.0,1305.637817,100350
2012-10-23,1660.0,1695.0,1655.0,1680.0,1325.360229,164130
2012-10-24,1655.0,1680.0,1650.0,1660.0,1309.582397,87512
2012-10-25,1660.0,1700.0,1650.0,1680.0,1325.360229,75400
2012-10-26,1680.0,1690.0,1635.0,1650.0,1301.693359,202850
2012-10-29,1635.0,1685.0,1610.0,1625.0,1281.970459,161010
2012-10-30,1610.0,1650.0,1610.0,1625.0,1281.970459,145711
2012-10-31,1625.0,1670.0,1625.0,1630.0,1285.915039,137528
2012-11-01,1645.0,1645.0,1610.0,1620.0,1278.026123,114951
2012-11-02,1620.0,1640.0,1620.0,1635.0,1289.859741,43627
2012-11-05,1640.0,1640.0,1620.0,1630.0,1285.915039,81279
2012-11-06,1635.0,1675.0,1630.0,1675.0,1321.415894,100980
2012-11-07,1680.0,1690.0,1660.0,1690.0,1333.249634,111280
2012-11-08,1675.0,1695.0,1660.0,1680.0,1325.360229,63355
2012-11-09,1685.0,1685.0,1650.0,1650.0,1301.693359,102230
2012-11-12,1650.0,1655.0,1630.0,1635.0,1289.859741,89510
2012-11-13,1635.0,1640.0,1620.0,1620.0,1278.026123,119662
2012-11-14,1625.0,1630.0,1605.0,1610.0,1270.137085,130800
2012-11-15,1610.0,1630.0,1600.0,1620.0,1278.026123,74170
2012-11-16,1605.0,1665.0,1605.0,1630.0,1285.915039,179240
2012-11-19,1620.0,1650.0,1620.0,1640.0,1293.804199,131450
2012-11-20,1660.0,1660.0,1635.0,1640.0,1293.804199,56030
2012-11-21,1635.0,1670.0,1615.0,1620.0,1278.026123,246011
2012-11-22,1640.0,1640.0,1615.0,1625.0,1281.970459,131178
2012-11-23,1630.0,1630.0,1605.0,1620.0,1278.026123,109942
2012-11-26,1620.0,1625.0,1590.0,1605.0,1266.192505,199180
2012-11-27,1610.0,1625.0,1605.0,1615.0,1274.081665,62171
2012-11-28,1605.0,1620.0,1595.0,1605.0,1266.192505,88771
2012-11-29,1610.0,1620.0,1600.0,1605.0,1266.192505,33159
2012-11-30,1615.0,1615.0,1600.0,1610.0,1270.137085,55973
2012-12-03,1605.0,1625.0,1600.0,1605.0,1266.192505,156145
2012-12-04,1610.0,1615.0,1600.0,1615.0,1274.081665,77635
2012-12-05,1610.0,1620.0,1600.0,1610.0,1270.137085,49560
2012-12-06,1605.0,1610.0,1590.0,1595.0,1258.303345,118240
2012-12-07,1605.0,1615.0,1590.0,1605.0,1266.192505,62055
2012-12-10,1600.0,1615.0,1600.0,1600.0,1262.248047,73771
2012-12-11,1605.0,1610.0,1580.0,1590.0,1254.358887,164324
2012-12-12,1590.0,1600.0,1580.0,1595.0,1258.303345,148920
2012-12-13,1600.0,1625.0,1595.0,1605.0,1266.192505,121890
2012-12-14,1610.0,1610.0,1590.0,1600.0,1262.248047,35795
2012-12-17,1590.0,1605.0,1590.0,1595.0,1258.303345,64050
2012-12-18,1600.0,1610.0,1595.0,1600.0,1262.248047,100112
2012-12-20,1600.0,1620.0,1590.0,1615.0,1274.081665,92510
2012-12-21,1615.0,1620.0,1595.0,1610.0,1270.137085,60640
2012-12-24,1615.0,1630.0,1605.0,1610.0,1270.137085,66100
2012-12-26,1610.0,1630.0,1610.0,1630.0,1285.915039,238051
2012-12-27,1605.0,1605.0,1575.0,1580.0,1306.588989,170760
2012-12-28,1590.0,1590.0,1565.0,1565.0,1294.184814,107852
2013-01-02,1565.0,1580.0,1545.0,1580.0,1306.588989,140670
2013-01-03,1580.0,1580.0,1560.0,1565.0,1294.184814,65740
2013-01-04,1565.0,1580.0,1560.0,1580.0,1306.588989,99070
2013-01-07,1595.0,1595.0,1575.0,1575.0,1302.454468,54681
2013-01-08,1575.0,1580.0,1560.0,1575.0,1302.454468,63113
2013-01-09,1580.0,1590.0,1565.0,1575.0,1302.454468,62050
2013-01-10,1575.0,1595.0,1575.0,1595.0,1318.99353,65479
2013-01-11,1595.0,1605.0,1585.0,1585.0,1310.723877,79181
2013-01-14,1580.0,1590.0,1565.0,1565.0,1294.184814,90440
2013-01-15,1560.0,1575.0,1555.0,1560.0,1290.049927,84021
2013-01-16,1550.0,1575.0,1550.0,1560.0,1290.049927,41011
2013-01-17,1555.0,1570.0,1520.0,1530.0,1265.241211,140300
2013-01-18,1535.0,1540.0,1525.0,1540.0,1273.510986,81610
2013-01-21,1545.0,1545.0,1510.0,1520.0,1256.97168,142202
2013-01-22,1520.0,1535.0,1510.0,1520.0,1256.97168,118530
2013-01-23,1520.0,1525.0,1500.0,1510.0,1248.702271,116050
2013-01-24,1510.0,1520.0,1485.0,1485.0,1228.028442,211447
2013-01-25,1495.0,1500.0,1480.0,1490.0,1232.163208,61120
2013-01-28,1505.0,1505.0,1490.0,1505.0,1244.567383,22271
2013-01-29,1500.0,1510.0,1495.0,1500.0,1240.432617,41290
2013-01-30,1505.0,1520.0,1500.0,1515.0,1252.837036,42280
2013-01-31,1515.0,1520.0,1500.0,1510.0,1248.702271,20669
2013-02-01,1510.0,1515.0,1495.0,1505.0,1244.567383,35910
2013-02-04,1505.0,1515.0,1495.0,1510.0,1248.702271,53371
2013-02-05,1505.0,1515.0,1495.0,1500.0,1240.432617,49750
2013-02-06,1500.0,1515.0,1500.0,1500.0,1240.432617,42547
2013-02-07,1515.0,1515.0,1495.0,1500.0,1240.432617,91232
2013-02-08,1495.0,1505.0,1485.0,1505.0,1244.567383,63979
2013-02-12,1505.0,1510.0,1485.0,1495.0,1236.297974,90466
2013-02-13,1505.0,1505.0,1485.0,1505.0,1244.567383,124810
2013-02-14,1505.0,1530.0,1495.0,1525.0,1261.106567,107104
2013-02-15,1535.0,1540.0,1515.0,1530.0,1265.241211,100384
2013-02-18,1535.0,1550.0,1535.0,1540.0,1273.510986,110691
2013-02-19,1540.0,1560.0,1540.0,1545.0,1277.64563,75130
2013-02-20,1560.0,1570.0,1540.0,1540.0,1273.510986,94780
2013-02-21,1545.0,1555.0,1530.0,1545.0,1277.64563,113730
2013-02-22,1535.0,1560.0,1535.0,1550.0,1281.780518,110990
2013-02-25,1555.0,1560.0,1525.0,1535.0,1269.375977,98591
2013-02-26,1525.0,1530.0,1515.0,1525.0,1261.106567,70039
2013-02-27,1520.0,1540.0,1515.0,1540.0,1273.510986,115959
2013-02-28,1540.0,1560.0,1525.0,1550.0,1281.780518,128156
2013-03-04,1550.0,1570.0,1550.0,1560.0,1290.049927,117331
2013-03-05,1565.0,1570.0,1550.0,1565.0,1294.184814,60911
2013-03-06,1560.0,1585.0,1555.0,1580.0,1306.588989,84323
2013-03-07,1585.0,1595.0,1570.0,1575.0,1302.454468,95554
2013-03-08,1575.0,1580.0,1565.0,1575.0,1302.454468,31067
2013-03-11,1570.0,1575.0,1555.0,1575.0,1302.454468,48212
2013-03-12,1565.0,1585.0,1550.0,1565.0,1294.184814,124976
2013-03-13,1555.0,1585.0,1550.0,1580.0,1306.588989,131513
2013-03-14,1570.0,1585.0,1560.0,1585.0,1310.723877,97834
2013-03-15,1590.0,1590.0,1570.0,1580.0,1306.588989,44404
2013-03-18,1580.0,1585.0,1565.0,1570.0,1298.319458,31466
2013-03-19,1560.0,1580.0,1560.0,1570.0,1298.319458,85761
2013-03-20,1560.0,1575.0,1560.0,1565.0,1294.184814,74185
2013-03-21,1570.0,1580.0,1560.0,1570.0,1298.319458,74861
2013-03-22,1560.0,1570.0,1550.0,1570.0,1298.319458,63236
2013-03-25,1570.0,1575.0,1560.0,1570.0,1298.319458,78147
2013-03-26,1575.0,1600.0,1570.0,1590.0,1314.858765,173653
2013-03-27,1595.0,1655.0,1590.0,1645.0,1360.341309,359036
2013-03-28,1635.0,1670.0,1625.0,1635.0,1352.071533,269965
2013-03-29,1635.0,1660.0,1610.0,1620.0,1339.667358,226892
2013-04-01,1620.0,1630.0,1600.0,1620.0,1339.667358,122249
2013-04-02,1610.0,1630.0,1605.0,1615.0,1335.532349,100896
2013-04-03,1620.0,1630.0,1615.0,1625.0,1343.802124,85061
2013-04-04,1625.0,1625.0,1560.0,1590.0,1314.858765,248762
2013-04-05,1575.0,1590.0,1555.0,1565.0,1294.184814,163277
2013-04-08,1570.0,1570.0,1560.0,1565.0,1294.184814,91512
2013-04-09,1570.0,1575.0,1535.0,1555.0,1285.915039,152643
2013-04-10,1555.0,1575.0,1550.0,1575.0,1302.454468,70340
2013-04-11,1580.0,1600.0,1580.0,1590.0,1314.858765,75630
2013-04-12,1590.0,1620.0,1590.0,1610.0,1331.397705,64200
2013-04-15,1610.0,1620.0,1590.0,1615.0,1335.532349,82632
2013-04-16,1605.0,1610.0,1580.0,1605.0,1327.262817,100041
2013-04-17,1610.0,1610.0,1590.0,1610.0,1331.397705,94739
2013-04-18,1610.0,1635.0,1590.0,1625.0,1343.802124,70176
2013-04-19,1625.0,1640.0,1615.0,1630.0,1347.936768,169660
2013-04-22,1640.0,1645.0,1615.0,1635.0,1352.071533,121650
2013-04-23,1640.0,1665.0,1635.0,1640.0,1356.206299,131245
2013-04-24,1650.0,1685.0,1645.0,1675.0,1385.149902,318253
2013-04-25,1700.0,1770.0,1700.0,1715.0,1418.228149,563750
2013-04-26,1770.0,1790.0,1725.0,1770.0,1463.710571,387768
2013-04-29,1785.0,1790.0,1750.0,1760.0,1455.44104,129445
2013-04-30,1745.0,1820.0,1745.0,1785.0,1476.11499,319100
2013-05-02,1785.0,1815.0,1750.0,1760.0,1455.44104,136089
2013-05-03,1760.0,1770.0,1745.0,1760.0,1455.44104,90215
2013-05-06,1760.0,1790.0,1745.0,1760.0,1455.44104,127741
2013-05-07,1760.0,1765.0,1745.0,1755.0,1451.306274,87291
2013-05-08,1760.0,1785.0,1745.0,1785.0,1476.11499,157442
2013-05-09,1800.0,1840.0,1785.0,1830.0,1513.327881,468752
2013-05-10,1830.0,1840.0,1800.0,1830.0,1513.327881,173557
2013-05-13,1835.0,1855.0,1835.0,1850.0,1529.866821,255369
2013-05-14,1855.0,1865.0,1805.0,1830.0,1513.327881,181962
2013-05-15,1820.0,1845.0,1815.0,1825.0,1509.192993,112950
2013-05-16,1845.0,1850.0,1825.0,1840.0,1521.597412,217834
2013-05-20,1840.0,1890.0,1830.0,1875.0,1550.540771,225690
2013-05-21,1875.0,1900.0,1870.0,1900.0,1571.214722,229721
2013-05-22,1895.0,1970.0,1895.0,1950.0,1612.562622,364979
2013-05-23,1950.0,1955.0,1920.0,1925.0,1591.888672,238773
2013-05-24,1925.0,1930.0,1870.0,1880.0,1554.675537,277913
2013-05-27,1880.0,1895.0,1870.0,1895.0,1567.079956,199335
2013-05-28,1885.0,1895.0,1865.0,1880.0,1554.675537,191288
2013-05-29,1885.0,2010.0,1880.0,1975.0,1633.23645,351131
2013-05-30,1970.0,2025.0,1970.0,1990.0,1645.640747,248798
2013-05-31,1975.0,1980.0,1875.0,1885.0,1558.810425,375673
2013-06-03,1875.0,1940.0,1875.0,1900.0,1571.214722,336658
2013-06-04,1895.0,1905.0,1850.0,1865.0,1542.271362,350986
2013-06-05,1855.0,1855.0,1800.0,1810.0,1496.788818,316683
2013-06-07,1810.0,1830.0,1795.0,1815.0,1500.923584,137801
2013-06-10,1820.0,1875.0,1810.0,1870.0,1546.406006,117320
2013-06-11,1875.0,1895.0,1865.0,1895.0,1567.079956,135741
2013-06-12,1895.0,1930.0,1885.0,1910.0,1579.484375,144154
2013-06-13,1910.0,1920.0,1880.0,1910.0,1579.484375,112274
2013-06-14,1915.0,1930.0,1905.0,1915.0,1583.618896,104578
2013-06-17,1905.0,1920.0,1840.0,1865.0,1542.271362,228931
2013-06-18,1875.0,1890.0,1850.0,1890.0,1562.945313,127879
2013-06-19,1890.0,1915.0,1875.0,1895.0,1567.079956,136204
2013-06-20,1895.0,1895.0,1870.0,1870.0,1546.406006,80490
2013-06-21,1855.0,1855.0,1815.0,1835.0,1517.462769,137891
2013-06-24,1825.0,1845.0,1825.0,1825.0,1509.192993,94821
2013-06-25,1825.0,1825.0,1750.0,1750.0,1447.171509,290643
2013-06-26,1770.0,1815.0,1770.0,1790.0,1480.249634,171270
2013-06-27,1795.0,1810.0,1785.0,1810.0,1526.639282,201583
2013-06-28,1810.0,1820.0,1795.0,1805.0,1522.421997,134995
2013-07-01,1810.0,1855.0,1805.0,1850.0,1560.377075,159704
2013-07-02,1865.0,2015.0,1865.0,1890.0,1594.115112,442719
2013-07-03,1900.0,1920.0,1845.0,1855.0,1564.59436,141918
2013-07-04,1875.0,1875.0,1820.0,1835.0,1547.725464,109144
2013-07-05,1850.0,1855.0,1825.0,1840.0,1551.942505,57941
2013-07-08,1845.0,1845.0,1820.0,1840.0,1551.942505,83650
2013-07-09,1840.0,1880.0,1835.0,1875.0,1581.463257,178481
2013-07-10,1865.0,1880.0,1840.0,1840.0,1551.942505,150790
2013-07-11,1840.0,1880.0,1835.0,1880.0,1585.680542,116889
2013-07-12,1880.0,1880.0,1860.0,1870.0,1577.245972,32773
2013-07-15,1870.0,1870.0,1845.0,1845.0,1556.159912,67862
2013-07-16,1850.0,1865.0,1820.0,1835.0,1547.725464,150626
2013-07-17,1835.0,1840.0,1805.0,1820.0,1535.07373,136706
2013-07-18,1825.0,1855.0,1820.0,1855.0,1564.59436,145194
2013-07-19,1865.0,1875.0,1845.0,1865.0,1573.028809,82710
2013-07-22,1860.0,1880.0,1855.0,1875.0,1581.463257,64951
2013-07-23,1870.0,1930.0,1865.0,1875.0,1581.463257,129820
2013-07-24,1875.0,1880.0,1850.0,1855.0,1564.59436,97720
2013-07-25,1855.0,1870.0,1840.0,1865.0,1573.028809,89510
2013-07-26,1860.0,1870.0,1840.0,1865.0,1573.028809,55680
2013-07-29,1865.0,1975.0,1850.0,1920.0,1619.418335,447251
2013-07-30,1935.0,1935.0,1855.0,1875.0,1581.463257,167620
2013-07-31,1875.0,1900.0,1865.0,1900.0,1602.549438,76296
2013-08-01,1905.0,1925.0,1895.0,1895.0,1598.332397,94930
2013-08-02,1900.0,1915.0,1875.0,1915.0,1615.20105,71882
2013-08-05,1925.0,1975.0,1925.0,1970.0,1661.59082,326643
2013-08-06,1980.0,2015.0,1935.0,1950.0,1644.72168,568088
2013-08-07,1950.0,1970.0,1895.0,1910.0,1610.983887,214262
2013-08-08,1910.0,1925.0,1880.0,1925.0,1623.63562,201300
2013-08-09,1940.0,1950.0,1895.0,1945.0,1640.504517,121832
2013-08-12,1940.0,1945.0,1915.0,1945.0,1640.504517,112141
2013-08-13,1945.0,1955.0,1930.0,1935.0,1632.070068,100111
2013-08-14,1940.0,1945.0,1930.0,1940.0,1636.287476,65040
2013-08-16,1940.0,1955.0,1910.0,1955.0,1648.939087,158580
2013-08-19,1945.0,1985.0,1940.0,1980.0,1670.025146,102610
2013-08-20,1975.0,1985.0,1885.0,1915.0,1615.20105,272631
2013-08-21,1915.0,1920.0,1880.0,1890.0,1594.115112,171802
2013-08-22,1875.0,1875.0,1840.0,1855.0,1564.59436,140953
2013-08-23,1855.0,1890.0,1855.0,1885.0,1589.897705,149547
2013-08-26,1875.0,1900.0,1875.0,1895.0,1598.332397,67479
2013-08-27,1885.0,1910.0,1870.0,1880.0,1585.680542,133243
2013-08-28,1870.0,1885.0,1850.0,1880.0,1585.680542,96420
2013-08-29,1885.0,1955.0,1870.0,1935.0,1632.070068,163691
2013-08-30,1950.0,1950.0,1885.0,1890.0,1594.115112,171681
2013-09-02,1890.0,1935.0,1890.0,1915.0,1615.20105,79321
2013-09-03,1900.0,1935.0,1900.0,1905.0,1606.766724,53904
2013-09-04,1900.0,1935.0,1900.0,1930.0,1627.852783,64780
2013-09-05,1930.0,1940.0,1900.0,1940.0,1636.287476,143350
2013-09-06,1945.0,2055.0,1945.0,2055.0,1733.283813,935528
2013-09-09,2095.0,2180.0,2040.0,2150.0,1813.411255,1103801
2013-09-10,2150.0,2170.0,2090.0,2120.0,1788.107666,447003
2013-09-11,2135.0,2175.0,2095.0,2095.0,1767.021729,339966
2013-09-12,2100.0,2115.0,2055.0,2090.0,1762.804443,275041
2013-09-13,2090.0,2140.0,2075.0,2115.0,1783.890503,278536
2013-09-16,2150.0,2175.0,2080.0,2080.0,1754.369995,324469
2013-09-17,2085.0,2085.0,2035.0,2065.0,1741.718262,191794
2013-09-23,2065.0,2080.0,2025.0,2055.0,1733.283813,211060
2013-09-24,2060.0,2120.0,2050.0,2120.0,1788.107666,268090
2013-09-25,2130.0,2155.0,2075.0,2090.0,1762.804443,244494
2013-09-26,2080.0,2130.0,2075.0,2090.0,1762.804443,119325
2013-09-27,2100.0,2115.0,2080.0,2080.0,1754.369995,198137
2013-09-30,2100.0,2200.0,2100.0,2145.0,1809.19397,740185
2013-10-01,2150.0,2215.0,2100.0,2150.0,1813.411255,532933
2013-10-02,2165.0,2200.0,2145.0,2170.0,1830.280273,275339
2013-10-04,2170.0,2200.0,2150.0,2190.0,1847.149292,245314
2013-10-07,2210.0,2285.0,2000.0,2060.0,1737.500977,878102
2013-10-08,2045.0,2060.0,2005.0,2050.0,1729.066528,265949
2013-10-10,2050.0,2070.0,2015.0,2015.0,1699.545776,213201
2013-10-11,2000.0,2055.0,2000.0,2010.0,1695.328491,271413
2013-10-14,2025.0,2025.0,2000.0,2020.0,1703.763184,208340
2013-10-15,2010.0,2035.0,1995.0,2000.0,1686.894165,187481
2013-10-16,2010.0,2015.0,1950.0,1975.0,1665.808228,300723
2013-10-17,1980.0,2020.0,1975.0,2015.0,1699.545776,151476
2013-10-18,2040.0,2055.0,2020.0,2030.0,1712.197632,170839
2013-10-21,2030.0,2055.0,2025.0,2055.0,1733.283813,75920
2013-10-22,2050.0,2055.0,2030.0,2030.0,1712.197632,104980
2013-10-23,2035.0,2050.0,2025.0,2040.0,1720.63208,114508
2013-10-24,2045.0,2045.0,2025.0,2035.0,1716.414673,53229
2013-10-25,2045.0,2045.0,2010.0,2030.0,1712.197632,78221
2013-10-28,2030.0,2035.0,2020.0,2030.0,1712.197632,48380
2013-10-29,2030.0,2050.0,2030.0,2045.0,1724.849243,97071
2013-10-30,2065.0,2140.0,2055.0,2105.0,1775.456177,366313
2013-10-31,2110.0,2110.0,2065.0,2080.0,1754.369995,119262
2013-11-01,2095.0,2095.0,2060.0,2085.0,1758.587036,86986
2013-11-04,2090.0,2105.0,2075.0,2085.0,1758.587036,109770
2013-11-05,2070.0,2085.0,2055.0,2065.0,1741.718262,124359
2013-11-06,2065.0,2085.0,2060.0,2075.0,1750.15271,69125
2013-11-07,2080.0,2085.0,2065.0,2075.0,1750.15271,113851
2013-11-08,2065.0,2075.0,2020.0,2025.0,1707.980347,168403
2013-11-11,2030.0,2030.0,1980.0,1995.0,1682.677002,149020
2013-11-12,1980.0,2015.0,1980.0,2010.0,1695.328491,64382
2013-11-13,2010.0,2070.0,1995.0,2055.0,1733.283813,159312
2013-11-14,2065.0,2090.0,2050.0,2085.0,1758.587036,84570
2013-11-15,2100.0,2105.0,2070.0,2090.0,1762.804443,111821
2013-11-18,2065.0,2100.0,2065.0,2070.0,1745.935547,61745
2013-11-19,2080.0,2105.0,2070.0,2095.0,1767.021729,60390
2013-11-20,2095.0,2100.0,2075.0,2080.0,1754.369995,48348
2013-11-21,2070.0,2100.0,2060.0,2080.0,1754.369995,48080
2013-11-22,2095.0,2150.0,2095.0,2120.0,1788.107666,111413
2013-11-25,2130.0,2130.0,2075.0,2095.0,1767.021729,204885
2013-11-26,2105.0,2140.0,2085.0,2135.0,1800.759644,168960
2013-11-27,2150.0,2150.0,2105.0,2135.0,1800.759644,90184
2013-11-28,2115.0,2140.0,2110.0,2140.0,1804.976685,99160
2013-11-29,2145.0,2190.0,2135.0,2140.0,1804.976685,152523
2013-12-02,2150.0,2215.0,2140.0,2175.0,1834.497559,205181
2013-12-03,2180.0,2195.0,2130.0,2145.0,1809.19397,125668
2013-12-04,2145.0,2155.0,2130.0,2140.0,1804.976685,48995
2013-12-05,2125.0,2150.0,2125.0,2130.0,1796.542114,101375
2013-12-06,2135.0,2140.0,2100.0,2140.0,1804.976685,172536
2013-12-09,2170.0,2170.0,2095.0,2115.0,1783.890503,131912
2013-12-10,2120.0,2120.0,2040.0,2070.0,1745.935547,177809
2013-12-11,2070.0,2070.0,2010.0,2030.0,1712.197632,195400
2013-12-12,2045.0,2045.0,2015.0,2040.0,1720.63208,56297
2013-12-13,2045.0,2045.0,2015.0,2020.0,1703.763184,89506
2013-12-16,2025.0,2025.0,2000.0,2020.0,1703.763184,142259
2013-12-17,2025.0,2050.0,2020.0,2030.0,1712.197632,88080
2013-12-18,2030.0,2040.0,2015.0,2015.0,1699.545776,62879
2013-12-19,2025.0,2040.0,2020.0,2035.0,1716.414673,34519
2013-12-20,2040.0,2040.0,1975.0,2025.0,1707.980347,461290
2013-12-23,2030.0,2035.0,2005.0,2035.0,1716.414673,113098
2013-12-24,2040.0,2055.0,2005.0,2050.0,1729.066528,191026
2013-12-26,2050.0,2075.0,2050.0,2055.0,1733.283813,313760
2013-12-27,2000.0,2020.0,1980.0,1990.0,1764.314575,158780
2013-12-30,1990.0,2000.0,1955.0,1965.0,1742.149658,101560
2014-01-02,1965.0,1975.0,1915.0,1920.0,1702.253296,206278
2014-01-03,1920.0,1950.0,1905.0,1915.0,1697.820313,118678
2014-01-06,1925.0,1925.0,1890.0,1905.0,1688.954102,127671
2014-01-07,1915.0,1915.0,1895.0,1910.0,1693.387207,82484
2014-01-08,1905.0,1920.0,1900.0,1900.0,1684.521484,68269
2014-01-09,1905.0,1935.0,1895.0,1925.0,1706.686157,80945
2014-01-10,1925.0,1935.0,1920.0,1930.0,1711.119019,75420
2014-01-13,1935.0,1945.0,1920.0,1945.0,1724.417847,63447
2014-01-14,1940.0,1945.0,1925.0,1935.0,1715.552002,64880
2014-01-15,1935.0,1940.0,1915.0,1925.0,1706.686157,88509
2014-01-16,1925.0,1935.0,1910.0,1925.0,1706.686157,87980
2014-01-17,1925.0,1935.0,1920.0,1925.0,1706.686157,56471
2014-01-20,1925.0,1935.0,1915.0,1920.0,1702.253296,81154
2014-01-21,1920.0,1950.0,1920.0,1950.0,1728.85083,82287
2014-01-22,1950.0,1975.0,1940.0,1970.0,1746.582642,94092
2014-01-23,1975.0,1990.0,1965.0,1975.0,1751.015747,78391
2014-01-24,1975.0,1975.0,1950.0,1950.0,1728.85083,57750
2014-01-27,1935.0,1950.0,1930.0,1950.0,1728.85083,95524
2014-01-28,2020.0,2035.0,1975.0,2005.0,1777.613281,331129
2014-01-29,1995.0,2110.0,1995.0,2090.0,1852.973389,461247
2014-02-03,2090.0,2160.0,2090.0,2125.0,1884.00415,243377
2014-02-04,2090.0,2125.0,2075.0,2105.0,1866.272339,163519
2014-02-05,2105.0,2150.0,2105.0,2125.0,1884.00415,132595
2014-02-06,2165.0,2170.0,2140.0,2155.0,1910.601685,121311
2014-02-07,2160.0,2170.0,2145.0,2145.0,1901.735962,134958
2014-02-10,2145.0,2215.0,2120.0,2205.0,1954.931396,378814
2014-02-11,2215.0,2400.0,2210.0,2345.0,2079.053955,663005
2014-02-12,2390.0,2490.0,2330.0,2440.0,2163.280273,1275596
2014-02-13,2430.0,2480.0,2405.0,2445.0,2167.712891,360500
2014-02-14,2450.0,2475.0,2405.0,2440.0,2163.280273,273257
2014-02-17,2425.0,2455.0,2320.0,2355.0,2087.919922,808969
2014-02-18,2360.0,2445.0,2350.0,2430.0,2154.414063,454188
2014-02-19,2455.0,2525.0,2450.0,2525.0,2238.640381,886352
2014-02-20,2560.0,2675.0,2540.0,2615.0,2318.433105,1172404
2014-02-21,2645.0,2720.0,2490.0,2520.0,2234.207275,788207
2014-02-24,2510.0,2660.0,2500.0,2650.0,2349.464111,634856
2014-02-25,2710.0,2745.0,2640.0,2640.0,2340.598145,544390
2014-02-26,2635.0,2685.0,2630.0,2680.0,2376.061523,303285
2014-02-27,2650.0,2675.0,2550.0,2595.0,2300.70166,291781
2014-02-28,2585.0,2705.0,2580.0,2700.0,2393.793701,522812
2014-03-03,2660.0,2700.0,2550.0,2600.0,2305.134766,394960
2014-03-04,2570.0,2630.0,2550.0,2595.0,2300.70166,337870
2014-03-05,2615.0,2650.0,2490.0,2555.0,2265.238037,522127
2014-03-06,2570.0,2675.0,2550.0,2615.0,2318.433105,607865
2014-03-07,2600.0,2670.0,2585.0,2670.0,2367.195801,307974
2014-03-10,2700.0,2870.0,2630.0,2830.0,2509.049805,1065467
2014-03-11,2885.0,2925.0,2810.0,2895.0,2566.678711,648350
2014-03-12,2910.0,2920.0,2810.0,2840.0,2517.916016,395686
2014-03-13,2810.0,2950.0,2810.0,2950.0,2615.440918,590927
2014-03-14,2955.0,2990.0,2900.0,2940.0,2606.575439,441861
2014-03-17,2940.0,3025.0,2930.0,2990.0,2650.904541,529498
2014-03-18,3025.0,3035.0,2945.0,2995.0,2655.337646,487209
2014-03-19,2995.0,2995.0,2850.0,2920.0,2588.843018,476381
2014-03-20,2960.0,2960.0,2895.0,2955.0,2619.874023,247104
2014-03-21,2980.0,3115.0,2965.0,3080.0,2730.697754,696027
2014-03-24,3100.0,3140.0,3015.0,3020.0,2677.502441,427621
2014-03-25,3050.0,3055.0,3000.0,3035.0,2690.80127,242969
2014-03-26,3080.0,3190.0,3045.0,3165.0,2806.058105,466666
2014-03-27,3165.0,3300.0,3140.0,3275.0,2903.582764,739532
2014-03-28,3330.0,3645.0,3260.0,3320.0,2943.479248,1740075
2014-03-31,3280.0,3335.0,3095.0,3155.0,2797.191895,820276
2014-04-01,3190.0,3270.0,3185.0,3200.0,2837.088379,432384
2014-04-02,3250.0,3290.0,3225.0,3260.0,2890.28418,362237
2014-04-03,3265.0,3460.0,3265.0,3435.0,3045.437256,640557
2014-04-04,3410.0,3520.0,3340.0,3410.0,3023.272461,473945
2014-04-07,3380.0,3460.0,3350.0,3410.0,3023.272461,254039
2014-04-08,3410.0,3435.0,3155.0,3175.0,2814.924072,880958
2014-04-09,3175.0,3205.0,2955.0,3010.0,2668.63623,1532528
2014-04-10,3015.0,3080.0,2970.0,3015.0,2673.069336,886275
2014-04-11,2990.0,3075.0,2985.0,3050.0,2704.100098,461836
2014-04-14,3045.0,3110.0,2955.0,2980.0,2642.038818,625380
2014-04-15,2990.0,3090.0,2980.0,3075.0,2726.264893,671664
2014-04-16,3095.0,3230.0,3060.0,3230.0,2863.686279,713359
2014-04-17,3230.0,3265.0,3185.0,3210.0,2845.954346,472817
2014-04-18,3235.0,3240.0,3110.0,3140.0,2783.893311,590313
2014-04-21,3140.0,3145.0,3100.0,3130.0,2775.0271,157729
2014-04-22,3125.0,3130.0,3045.0,3065.0,2717.398926,470070
2014-04-23,3080.0,3235.0,3070.0,3225.0,2859.253418,850150
2014-04-24,3295.0,3315.0,3130.0,3155.0,2797.191895,627041
2014-04-25,3160.0,3225.0,3090.0,3185.0,2823.789795,465623
2014-04-28,3195.0,3275.0,3180.0,3240.0,2872.552246,500108
2014-04-29,3285.0,3330.0,3230.0,3280.0,2908.015625,629895
2014-04-30,3320.0,3320.0,3250.0,3270.0,2899.150146,297063
2014-05-02,3270.0,3300.0,3230.0,3255.0,2885.851074,169619
2014-05-07,3255.0,3270.0,3230.0,3245.0,2876.985107,192633
2014-05-08,3265.0,3370.0,3255.0,3325.0,2947.912598,458472
2014-05-09,3350.0,3360.0,3320.0,3340.0,2961.211182,256366
2014-05-12,3345.0,3435.0,3340.0,3435.0,3045.437256,469756
2014-05-13,3450.0,3520.0,3450.0,3475.0,3080.901123,681257
2014-05-14,3475.0,3555.0,3445.0,3545.0,3142.962158,671853
2014-05-15,3565.0,3830.0,3500.0,3730.0,3306.981201,1906514
2014-05-16,3805.0,3895.0,3735.0,3805.0,3373.475586,1786611
2014-05-19,3830.0,3850.0,3670.0,3700.0,3280.383789,825430
2014-05-20,3710.0,3745.0,3515.0,3690.0,3271.517578,1149560
2014-05-21,3660.0,3720.0,3550.0,3645.0,3231.621094,588784
2014-05-22,3660.0,3790.0,3660.0,3685.0,3267.084961,674972
2014-05-23,3705.0,3705.0,3580.0,3690.0,3271.517578,451494
2014-05-26,3675.0,3715.0,3620.0,3695.0,3275.950684,224559
2014-05-27,3690.0,3725.0,3640.0,3700.0,3280.383789,320367
2014-05-28,3700.0,3730.0,3560.0,3590.0,3182.858887,549070
2014-05-29,3595.0,3700.0,3560.0,3700.0,3280.383789,321133
2014-05-30,3670.0,3700.0,3160.0,3250.0,2881.418213,3788375
2014-06-02,3250.0,3250.0,3025.0,3140.0,2783.893311,1427444
2014-06-03,3180.0,3360.0,3180.0,3300.0,2925.747803,984592
2014-06-05,3300.0,3380.0,3250.0,3275.0,2903.582764,405915
2014-06-09,3275.0,3285.0,3025.0,3095.0,2743.996582,750016
2014-06-10,3100.0,3200.0,3095.0,3195.0,2832.655518,311112
2014-06-11,3170.0,3210.0,3155.0,3170.0,2810.490967,206614
2014-06-12,3140.0,3285.0,3130.0,3255.0,2885.851074,478633
2014-06-13,3250.0,3410.0,3245.0,3385.0,3001.10791,879190
2014-06-16,3430.0,3430.0,3220.0,3235.0,2868.119141,656756
2014-06-17,3220.0,3335.0,3210.0,3270.0,2899.150146,413666
2014-06-18,3275.0,3290.0,3180.0,3245.0,2876.985107,351102
2014-06-19,3280.0,3325.0,3255.0,3280.0,2908.015625,532610
2014-06-20,3285.0,3345.0,3230.0,3250.0,2881.418213,293038
2014-06-23,3245.0,3265.0,3195.0,3225.0,2859.253418,226541
2014-06-24,3220.0,3245.0,3150.0,3200.0,2837.088379,284585
2014-06-25,3205.0,3235.0,3150.0,3165.0,2806.058105,212636
2014-06-26,3170.0,3205.0,3140.0,3205.0,2841.521484,176387
2014-06-27,3190.0,3190.0,3145.0,3160.0,2837.032715,128546
2014-06-30,3150.0,3160.0,3035.0,3160.0,2837.032715,454268
2014-07-01,3165.0,3230.0,3160.0,3215.0,2886.411133,221804
2014-07-02,3290.0,3325.0,3245.0,3310.0,2971.701904,526327
2014-07-03,3410.0,3495.0,3355.0,3360.0,3016.591553,908428
2014-07-04,3375.0,3400.0,3320.0,3330.0,2989.657471,357504
2014-07-07,3330.0,3380.0,3265.0,3305.0,2967.212891,344643
2014-07-08,3310.0,3430.0,3310.0,3395.0,3048.014404,603358
2014-07-09,3395.0,3530.0,3395.0,3420.0,3070.459229,843947
2014-07-10,3480.0,3480.0,3375.0,3435.0,3083.92627,313391
2014-07-11,3420.0,3465.0,3375.0,3385.0,3039.036377,303587
2014-07-14,3390.0,3475.0,3375.0,3470.0,3115.349121,391368
2014-07-15,3510.0,3560.0,3385.0,3385.0,3039.036377,609856
2014-07-16,3400.0,3430.0,3270.0,3330.0,2989.657471,349092
2014-07-17,3340.0,3465.0,3340.0,3460.0,3106.37085,313164
2014-07-18,3420.0,3495.0,3420.0,3470.0,3115.349121,229395
2014-07-21,3480.0,3490.0,3435.0,3485.0,3128.815918,196472
2014-07-22,3500.0,3590.0,3490.0,3510.0,3151.260986,515720
2014-07-23,3530.0,3570.0,3485.0,3485.0,3128.815918,290987
2014-07-24,3460.0,3465.0,3385.0,3400.0,3052.503418,303028
2014-07-25,3420.0,3475.0,3405.0,3440.0,3088.415039,273386
2014-07-28,3460.0,3505.0,3300.0,3315.0,2976.190918,323041
2014-07-29,3335.0,3375.0,3230.0,3300.0,2962.723877,332870
2014-07-30,3370.0,3580.0,3315.0,3580.0,3214.106689,760920
2014-07-31,3635.0,3680.0,3410.0,3450.0,3097.393066,862475
2014-08-01,3395.0,3530.0,3390.0,3485.0,3128.815918,306674
2014-08-04,3485.0,3495.0,3450.0,3455.0,3101.881836,173672
2014-08-05,3485.0,3600.0,3410.0,3520.0,3160.23877,488694
2014-08-06,3490.0,3510.0,3420.0,3450.0,3097.393066,246786
2014-08-07,3435.0,3500.0,3355.0,3370.0,3025.569336,292735
2014-08-08,3370.0,3380.0,3285.0,3320.0,2980.679688,250063
2014-08-11,3390.0,3405.0,3350.0,3350.0,3007.61377,110998
2014-08-12,3355.0,3390.0,3300.0,3335.0,2994.146729,116170
2014-08-13,3335.0,3405.0,3330.0,3405.0,3056.992432,173009
2014-08-14,3420.0,3425.0,3360.0,3415.0,3065.970459,129823
2014-08-18,3415.0,3490.0,3390.0,3465.0,3110.860352,256736
2014-08-19,3500.0,3520.0,3435.0,3515.0,3155.749756,298307
2014-08-20,3545.0,3570.0,3470.0,3475.0,3119.838135,243835
2014-08-21,3490.0,3500.0,3440.0,3455.0,3101.881836,152178
2014-08-22,3470.0,3470.0,3440.0,3460.0,3106.37085,156757
2014-08-25,3460.0,3505.0,3445.0,3480.0,3124.326904,198841
2014-08-26,3510.0,3545.0,3465.0,3500.0,3142.282959,279585
2014-08-27,3500.0,3525.0,3480.0,3505.0,3146.771973,183933
2014-08-28,3500.0,3510.0,3440.0,3450.0,3097.393066,182345
2014-08-29,3445.0,3515.0,3365.0,3495.0,3137.793701,259537
2014-09-01,3490.0,3520.0,3475.0,3515.0,3155.749756,201303
2014-09-02,3540.0,3550.0,3445.0,3550.0,3187.172852,345142
2014-09-03,3550.0,3770.0,3550.0,3730.0,3348.775879,1034282
2014-09-04,3805.0,3945.0,3735.0,3940.0,3537.312744,1251635
2014-09-05,3925.0,4035.0,3865.0,3980.0,3573.224609,890663
2014-09-11,3980.0,4060.0,3905.0,4005.0,3595.669434,755996
2014-09-12,3985.0,4170.0,3870.0,4110.0,3689.937988,1248370
2014-09-15,4180.0,4300.0,4060.0,4270.0,3833.585449,947592
2014-09-16,4345.0,4530.0,4145.0,4145.0,3721.36084,2527057
2014-09-17,4270.0,4725.0,4220.0,4680.0,4201.681152,2784857
2014-09-18,4750.0,4805.0,4530.0,4720.0,4237.592773,1556012
2014-09-19,4745.0,4910.0,4640.0,4855.0,4358.79541,936383
2014-09-22,4875.0,5140.0,4865.0,5050.0,4533.865234,1427845
2014-09-23,5090.0,5110.0,4895.0,5050.0,4533.865234,782237
2014-09-24,5120.0,5180.0,5010.0,5100.0,4578.754883,652739
2014-09-25,5090.0,5160.0,4800.0,5160.0,4632.623047,1084922
2014-09-26,5060.0,5340.0,5030.0,5130.0,4605.688965,933915
2014-09-29,5120.0,5250.0,5090.0,5160.0,4632.623047,510966
2014-09-30,5180.0,5430.0,5100.0,5360.0,4812.182129,746920
2014-10-01,5480.0,5640.0,5350.0,5450.0,4892.98291,752717
2014-10-02,5400.0,5450.0,5200.0,5290.0,4749.335938,713293
2014-10-06,5290.0,5290.0,4850.0,4875.0,4376.750977,1408691
2014-10-07,4895.0,5160.0,4840.0,5160.0,4632.623047,1230129
2014-10-08,5060.0,5200.0,5010.0,5100.0,4578.754883,371571
2014-10-10,5100.0,5100.0,4730.0,4835.0,4340.838867,764391
2014-10-13,4750.0,4750.0,4315.0,4600.0,4129.85791,1216836
2014-10-14,4625.0,5050.0,4615.0,5050.0,4533.865234,959947
2014-10-15,5040.0,5090.0,4830.0,4950.0,4444.085938,505895
2014-10-16,4990.0,5210.0,4780.0,5200.0,4668.534668,728805
2014-10-17,5260.0,5300.0,4950.0,5040.0,4524.887207,573655
2014-10-20,5120.0,5130.0,4910.0,4930.0,4426.129883,292257
2014-10-21,4915.0,5150.0,4850.0,4900.0,4399.196289,641914
2014-10-22,5040.0,5300.0,4950.0,5300.0,4758.314453,1038314
2014-10-23,5320.0,5600.0,5230.0,5450.0,4892.98291,1425915
2014-10-24,5570.0,5630.0,5420.0,5420.0,4866.049805,556592
2014-10-27,5500.0,5740.0,5300.0,5640.0,5063.564453,647096
2014-10-28,5640.0,5730.0,5390.0,5470.0,4910.938965,393501
2014-10-29,5470.0,5470.0,4890.0,4930.0,4426.129883,1377621
2014-10-30,4870.0,5080.0,4750.0,4960.0,4453.063965,599879
2014-10-31,5000.0,5030.0,4725.0,4810.0,4318.394531,428790
2014-11-03,4830.0,4830.0,4650.0,4720.0,4237.592773,282643
2014-11-04,4765.0,4910.0,4640.0,4690.0,4210.65918,468635
2014-11-05,4660.0,4760.0,4470.0,4720.0,4237.592773,547578
2014-11-06,4830.0,4830.0,4510.0,4575.0,4107.412598,432255
2014-11-07,4530.0,4665.0,4500.0,4615.0,4143.324707,243322
2014-11-10,4710.0,4720.0,4575.0,4620.0,4147.813477,276347
2014-11-11,4625.0,4675.0,4505.0,4570.0,4102.92334,309811
2014-11-12,4560.0,4745.0,4560.0,4745.0,4260.037598,310976
2014-11-13,4750.0,4870.0,4690.0,4745.0,4260.037598,262857
2014-11-14,4725.0,4740.0,4570.0,4625.0,4152.302734,347388
2014-11-17,4570.0,4605.0,4280.0,4330.0,3887.452393,451233
2014-11-18,4330.0,4590.0,4330.0,4590.0,4120.879395,310554
2014-11-19,4585.0,4585.0,4440.0,4495.0,4035.589355,205131
2014-11-20,4500.0,4500.0,4295.0,4360.0,3914.386963,268344
2014-11-21,4350.0,4400.0,4290.0,4330.0,3887.452393,204206
2014-11-24,4400.0,4400.0,4050.0,4200.0,3770.739502,937838
2014-11-25,4220.0,4290.0,4140.0,4155.0,3730.338623,398295
2014-11-26,4155.0,4450.0,4155.0,4390.0,3941.320313,529253
2014-11-27,4400.0,4585.0,4370.0,4495.0,4035.589355,428318
2014-11-28,4480.0,4545.0,4400.0,4510.0,4049.055908,207284
2014-12-01,4450.0,4510.0,4420.0,4495.0,4035.589355,135910
2014-12-02,4505.0,4505.0,4270.0,4340.0,3896.43042,244742
2014-12-03,4395.0,4570.0,4340.0,4495.0,4035.589355,322182
2014-12-04,4500.0,4715.0,4490.0,4610.0,4138.835449,537039
2014-12-05,4615.0,4750.0,4585.0,4665.0,4188.214355,331554
2014-12-08,4670.0,4735.0,4570.0,4590.0,4120.879395,273472
2014-12-09,4550.0,4615.0,4480.0,4575.0,4107.412598,211171
2014-12-10,4575.0,4575.0,4435.0,4435.0,3981.721191,151335
2014-12-11,4415.0,4490.0,4280.0,4300.0,3860.519043,248425
2014-12-12,4410.0,4410.0,4115.0,4200.0,3770.739502,348028
2014-12-15,4110.0,4170.0,4035.0,4120.0,3698.915771,275748
2014-12-16,4080.0,4250.0,4080.0,4200.0,3770.739502,196543
2014-12-17,4160.0,4200.0,4050.0,4200.0,3770.739502,244665
2014-12-18,4215.0,4255.0,4120.0,4190.0,3761.761475,227194
2014-12-19,4275.0,4275.0,4190.0,4265.0,3829.096436,193040
2014-12-22,4265.0,4285.0,4170.0,4190.0,3761.761475,169793
2014-12-23,4170.0,4260.0,4150.0,4150.0,3725.849854,134903
2014-12-24,4150.0,4200.0,4070.0,4085.0,3667.493164,244108
2014-12-26,4085.0,4220.0,4060.0,4150.0,3725.849854,399411
2014-12-29,4090.0,4130.0,4030.0,4105.0,3799.903809,189544
2014-12-30,4105.0,4150.0,4030.0,4110.0,3804.532471,181331
2015-01-02,4110.0,4270.0,4025.0,4265.0,3948.012451,248203
2015-01-05,4260.0,4430.0,4200.0,4385.0,4059.093262,293900
2015-01-06,4350.0,4390.0,4200.0,4275.0,3957.268799,241991
2015-01-07,4295.0,4315.0,4040.0,4250.0,3934.126709,331875
2015-01-08,4260.0,4280.0,4155.0,4200.0,3887.843018,171802
2015-01-09,4250.0,4335.0,4150.0,4170.0,3860.072754,201237
2015-01-12,4150.0,4360.0,4150.0,4325.0,4003.552979,235462
2015-01-13,4350.0,4410.0,4270.0,4340.0,4017.438232,243065
2015-01-14,4400.0,4490.0,4330.0,4480.0,4147.033203,295997
2015-01-15,4510.0,4515.0,4375.0,4415.0,4086.86377,239582
2015-01-16,4415.0,4425.0,4280.0,4365.0,4040.57959,156735
2015-01-19,4340.0,4365.0,4255.0,4270.0,3952.640869,266029
2015-01-20,4275.0,4370.0,4275.0,4280.0,3961.897217,135033
2015-01-21,4360.0,4360.0,4120.0,4145.0,3836.930908,403696
2015-01-22,4215.0,4235.0,4045.0,4130.0,3823.045898,358926
2015-01-23,4140.0,4160.0,4040.0,4070.0,3767.505371,297463
2015-01-26,4070.0,4125.0,3980.0,4050.0,3748.991699,374739
2015-01-27,4055.0,4165.0,4015.0,4165.0,3855.44458,283280
2015-01-28,4145.0,4200.0,4070.0,4170.0,3860.072754,252852
2015-01-29,4195.0,4255.0,4130.0,4230.0,3915.613281,215677
2015-01-30,4180.0,4235.0,4120.0,4130.0,3823.045898,207410
2015-02-02,4100.0,4150.0,4045.0,4135.0,3827.674316,161186
2015-02-03,4150.0,4160.0,4025.0,4160.0,3850.816162,263594
2015-02-04,4160.0,4180.0,4075.0,4115.0,3809.160645,222042
2015-02-05,4090.0,4115.0,4055.0,4075.0,3772.133301,129392
2015-02-06,4075.0,4100.0,4035.0,4035.0,3735.106445,128301
2015-02-09,4010.0,4055.0,3960.0,4040.0,3739.735107,166494
2015-02-10,4020.0,4090.0,3890.0,4080.0,3776.762207,321442
2015-02-11,4070.0,4145.0,4060.0,4100.0,3795.275391,169875
2015-02-12,4140.0,4140.0,4050.0,4125.0,3818.41748,126211
2015-02-13,4100.0,4135.0,4050.0,4085.0,3781.390381,106162
2015-02-16,4120.0,4120.0,3985.0,4000.0,3702.707764,288188
2015-02-17,4015.0,4130.0,3985.0,4105.0,3799.903809,212206
2015-02-23,4105.0,4155.0,4050.0,4060.0,3758.248535,146165
2015-02-24,4070.0,4230.0,4065.0,4065.0,3762.876709,368280
2015-02-25,4090.0,4120.0,4060.0,4075.0,3772.133301,139666
2015-02-26,4075.0,4095.0,4010.0,4015.0,3716.593018,246344
2015-02-27,4020.0,4085.0,4015.0,4050.0,3748.991699,157902
2015-03-02,4050.0,4065.0,4010.0,4030.0,3730.478027,164079
2015-03-03,4060.0,4065.0,4020.0,4030.0,3730.478027,212189
2015-03-04,4035.0,4160.0,4010.0,4060.0,3758.248535,565372
2015-03-05,4055.0,4120.0,4055.0,4100.0,3795.275391,187496
2015-03-06,4105.0,4130.0,4070.0,4075.0,3772.133301,199530
2015-03-09,4065.0,4075.0,4030.0,4040.0,3739.735107,157709
2015-03-10,4045.0,4100.0,3985.0,4090.0,3786.018799,474814
2015-03-11,4095.0,4450.0,4095.0,4215.0,3901.728271,1694994
2015-03-12,4260.0,4325.0,4160.0,4250.0,3934.126709,526963
2015-03-13,4225.0,4365.0,4220.0,4330.0,4008.181396,437544
2015-03-16,4325.0,4400.0,4275.0,4355.0,4031.323486,523283
2015-03-17,4385.0,4410.0,4285.0,4370.0,4045.208252,582813
2015-03-18,4370.0,4405.0,4280.0,4385.0,4059.093262,442045
2015-03-19,4400.0,4405.0,4320.0,4330.0,4008.181396,149098
2015-03-20,4255.0,4350.0,4205.0,4250.0,3934.126709,370081
2015-03-23,4295.0,4305.0,4210.0,4300.0,3980.410645,315065
2015-03-24,4320.0,4325.0,4245.0,4250.0,3934.126709,180554
2015-03-25,4245.0,4290.0,4130.0,4140.0,3832.30249,361317
2015-03-26,4130.0,4140.0,4080.0,4120.0,3813.789063,276861
2015-03-27,4105.0,4230.0,4105.0,4225.0,3910.984863,276964
2015-03-30,4260.0,4485.0,4260.0,4440.0,4110.005859,613722
2015-03-31,4480.0,4555.0,4375.0,4440.0,4110.005859,311898
2015-04-01,4440.0,4710.0,4335.0,4710.0,4359.938477,816167
2015-04-02,4745.0,4815.0,4640.0,4665.0,4318.283203,472602
2015-04-03,4650.0,4855.0,4630.0,4725.0,4373.82373,436022
2015-04-06,4710.0,4835.0,4555.0,4555.0,4216.458496,403928
2015-04-07,4635.0,4635.0,4445.0,4560.0,4221.087402,402545
2015-04-08,4550.0,4630.0,4505.0,4510.0,4174.803223,272319
2015-04-09,4565.0,4770.0,4530.0,4670.0,4322.911621,366244
2015-04-10,4640.0,4690.0,4625.0,4680.0,4332.167969,192118
2015-04-13,4750.0,4750.0,4505.0,4505.0,4170.175293,386552
2015-04-14,4540.0,4715.0,4490.0,4695.0,4346.053711,448727
2015-04-15,4750.0,4915.0,4735.0,4775.0,4420.10791,895626
2015-04-16,4785.0,4790.0,4620.0,4710.0,4359.938477,271319
2015-04-17,4710.0,4735.0,4645.0,4710.0,4359.938477,265008
2015-04-20,4675.0,4780.0,4610.0,4685.0,4336.796387,295611
2015-04-21,4725.0,4785.0,4645.0,4770.0,4415.478516,309991
2015-04-22,4805.0,4805.0,4370.0,4590.0,4248.85791,442483
2015-04-23,4620.0,4620.0,4380.0,4425.0,4096.120605,371596
2015-04-24,4455.0,4580.0,4425.0,4545.0,4207.202148,356153
2015-04-27,4595.0,4805.0,4500.0,4805.0,4447.878418,525023
2015-04-28,4880.0,4880.0,4680.0,4710.0,4359.938477,340385
2015-04-29,4710.0,4780.0,4625.0,4745.0,4392.337402,196443
2015-04-30,4725.0,4725.0,4530.0,4555.0,4216.458496,241103
2015-05-04,4555.0,4555.0,4410.0,4435.0,4105.377441,201747
2015-05-06,4435.0,4585.0,4325.0,4585.0,4244.229004,337585
2015-05-07,4560.0,4585.0,4380.0,4470.0,4137.775391,190158
2015-05-08,4510.0,4595.0,4455.0,4490.0,4156.289551,132472
2015-05-11,4570.0,4585.0,4490.0,4490.0,4156.289551,94953
2015-05-12,4425.0,4515.0,4400.0,4400.0,4072.978516,161888
2015-05-13,4390.0,4465.0,4365.0,4410.0,4082.235352,108075
2015-05-14,4380.0,4510.0,4380.0,4490.0,4156.289551,109393
2015-05-15,4490.0,4555.0,4470.0,4485.0,4151.660645,126352
2015-05-18,4490.0,4525.0,4415.0,4445.0,4114.633789,146116
2015-05-19,4430.0,4620.0,4430.0,4595.0,4253.485352,346465
2015-05-20,4600.0,4650.0,4550.0,4550.0,4211.82959,250496
2015-05-21,4600.0,4635.0,4520.0,4570.0,4230.34375,181043
2015-05-22,4620.0,4685.0,4585.0,4645.0,4299.769531,213979
2015-05-26,4645.0,4795.0,4600.0,4735.0,4383.080078,299358
2015-05-27,4775.0,4780.0,4565.0,4585.0,4244.229004,237268
2015-05-28,4600.0,4685.0,4520.0,4520.0,4184.05957,247446
2015-05-29,4520.0,4600.0,4475.0,4570.0,4230.34375,163938
2015-06-01,4530.0,4530.0,4405.0,4450.0,4119.262695,179622
2015-06-02,4450.0,4450.0,4330.0,4330.0,4008.181396,187075
2015-06-03,4335.0,4400.0,4200.0,4250.0,3934.126709,172306
2015-06-04,4235.0,4295.0,4175.0,4200.0,3887.843018,121181
2015-06-05,4200.0,4200.0,4100.0,4160.0,3850.816162,123526
2015-06-08,4120.0,4315.0,4120.0,4295.0,3975.782471,139640
2015-06-09,4305.0,4310.0,4230.0,4305.0,3985.039551,141897
2015-06-10,4255.0,4325.0,4210.0,4265.0,3948.012451,108546
2015-06-11,4280.0,4330.0,4205.0,4300.0,3980.410645,113611
2015-06-12,4320.0,4350.0,4250.0,4260.0,3943.384033,86820
2015-06-15,4260.0,4260.0,4175.0,4180.0,3869.329834,76746
2015-06-16,4190.0,4440.0,4150.0,4400.0,4072.978516,278909
2015-06-17,4400.0,4450.0,4370.0,4450.0,4119.262695,204864
2015-06-18,4485.0,4525.0,4415.0,4425.0,4096.120605,108355
2015-06-19,4470.0,4490.0,4400.0,4415.0,4086.86377,76336
2015-06-22,4440.0,4440.0,4370.0,4385.0,4059.093262,60443
2015-06-23,4375.0,4425.0,4350.0,4365.0,4040.57959,115102
2015-06-24,4395.0,4395.0,4305.0,4335.0,4012.809082,130427
2015-06-25,4330.0,4350.0,4300.0,4340.0,4017.438232,133658
2015-06-26,4340.0,4360.0,4310.0,4320.0,3998.924316,87337
2015-06-29,4315.0,4315.0,4140.0,4155.0,3882.133545,152494
2015-06-30,4140.0,4240.0,4105.0,4230.0,3952.208008,89199
2015-07-01,4170.0,4230.0,4160.0,4210.0,3933.521484,117376
2015-07-02,4240.0,4240.0,4180.0,4200.0,3924.178223,140940
2015-07-03,4220.0,4220.0,4135.0,4200.0,3924.178223,92870
2015-07-06,4195.0,4200.0,3985.0,4000.0,3737.312744,216091
2015-07-07,4035.0,4080.0,3985.0,4075.0,3807.387451,141030
2015-07-08,4035.0,4095.0,4030.0,4045.0,3779.357422,71819
2015-07-09,3985.0,4045.0,3900.0,4040.0,3774.685791,190795
2015-07-10,4005.0,4055.0,3980.0,4015.0,3751.327637,141293
2015-07-13,4035.0,4110.0,4030.0,4040.0,3774.685791,71668
2015-07-14,4060.0,4170.0,4040.0,4155.0,3882.133545,299487
2015-07-15,4135.0,4230.0,4115.0,4165.0,3891.476807,151833
2015-07-16,4165.0,4195.0,4115.0,4150.0,3877.461914,153513
2015-07-17,4165.0,4260.0,4120.0,4140.0,3868.118652,150999
2015-07-20,4130.0,4195.0,4090.0,4105.0,3835.416992,118814
2015-07-21,4090.0,4140.0,4090.0,4105.0,3835.416992,86684
2015-07-22,4110.0,4165.0,4095.0,4155.0,3882.133545,96308
2015-07-23,4180.0,4240.0,4160.0,4210.0,3933.521484,181795
2015-07-24,4290.0,4290.0,4130.0,4165.0,3891.476807,164016
2015-07-27,4190.0,4190.0,4050.0,4095.0,3826.07373,93015
2015-07-28,4025.0,4185.0,4005.0,4180.0,3905.491699,123420
2015-07-29,4180.0,4195.0,4025.0,4035.0,3770.01416,154775
2015-07-30,4050.0,4090.0,3975.0,3975.0,3713.954346,102991
2015-07-31,3920.0,4000.0,3920.0,3945.0,3685.924561,70223
2015-08-03,3950.0,3990.0,3900.0,3940.0,3681.25293,85008
2015-08-04,3910.0,4035.0,3905.0,3980.0,3718.626221,67481
2015-08-05,3965.0,4040.0,3920.0,4005.0,3741.984375,49840
2015-08-06,4000.0,4320.0,4000.0,4240.0,3961.551514,345306
2015-08-07,4190.0,4240.0,4135.0,4230.0,3952.208008,120329
2015-08-10,4180.0,4235.0,4080.0,4130.0,3858.775391,125913
2015-08-11,4110.0,4195.0,4085.0,4085.0,3816.730469,59377
2015-08-12,4085.0,4140.0,3925.0,4090.0,3821.402344,107920
2015-08-13,4100.0,4150.0,4000.0,4060.0,3793.372314,85109
2015-08-14,4060.0,4060.0,4060.0,4060.0,3793.372314,0
2015-08-17,4145.0,4220.0,4090.0,4155.0,3882.133545,122973
2015-08-18,4135.0,4260.0,4130.0,4130.0,3858.775391,106576
2015-08-19,4085.0,4155.0,3960.0,4050.0,3784.029053,158093
2015-08-20,4050.0,4095.0,3965.0,4000.0,3737.312744,160297
2015-08-21,3610.0,3950.0,3610.0,3875.0,3620.521729,215417
2015-08-24,3710.0,3850.0,3545.0,3610.0,3372.924805,244738
2015-08-25,3560.0,3705.0,3560.0,3620.0,3382.268066,138753
2015-08-26,3715.0,3840.0,3630.0,3770.0,3522.41748,153500
2015-08-27,3845.0,3905.0,3770.0,3870.0,3615.849854,147161
2015-08-28,3840.0,3985.0,3840.0,3875.0,3620.521729,97853
2015-08-31,3900.0,3945.0,3875.0,3915.0,3657.894775,48332
2015-09-01,3940.0,3950.0,3830.0,3855.0,3601.834961,48340
2015-09-02,3845.0,3875.0,3735.0,3820.0,3569.133545,126135
2015-09-03,3820.0,3900.0,3820.0,3845.0,3592.491943,79829
2015-09-04,3845.0,3850.0,3750.0,3785.0,3536.431885,99472
2015-09-07,3780.0,3780.0,3700.0,3740.0,3494.387207,113614
2015-09-08,3725.0,3750.0,3660.0,3715.0,3471.029053,77416
2015-09-09,3725.0,3880.0,3710.0,3840.0,3587.820313,104001
2015-09-10,3865.0,3865.0,3780.0,3850.0,3597.16333,81118
2015-09-11,3850.0,3940.0,3850.0,3850.0,3597.16333,51898
2015-09-14,3940.0,3940.0,3845.0,3860.0,3606.506592,30531
2015-09-15,3865.0,3945.0,3860.0,3930.0,3671.909668,33759
2015-09-16,3935.0,3975.0,3895.0,3975.0,3713.954346,55703
2015-09-17,3990.0,3990.0,3910.0,3915.0,3657.894775,74301
2015-09-18,3920.0,3945.0,3910.0,3940.0,3681.25293,20942
2015-09-21,3870.0,3910.0,3855.0,3880.0,3625.193115,26678
2015-09-22,3880.0,3965.0,3880.0,3950.0,3690.596191,61083
2015-09-23,3960.0,3965.0,3885.0,3940.0,3681.25293,86257
2015-09-24,3925.0,3950.0,3910.0,3930.0,3671.909668,55788
2015-09-25,3905.0,3945.0,3880.0,3945.0,3685.924561,50125
2015-09-30,3905.0,3945.0,3870.0,3895.0,3639.208252,107916
2015-10-01,3895.0,3915.0,3890.0,3905.0,3648.551514,34375
2015-10-02,3905.0,3920.0,3895.0,3910.0,3653.223389,34623
2015-10-05,3900.0,3975.0,3900.0,3955.0,3695.267822,114662
2015-10-06,3965.0,4075.0,3965.0,4075.0,3807.387451,111259
2015-10-07,4100.0,4180.0,4055.0,4180.0,3905.491699,112891
2015-10-08,4180.0,4220.0,4095.0,4095.0,3826.07373,78061
2015-10-12,4095.0,4220.0,4090.0,4120.0,3849.432129,171317
2015-10-13,4090.0,4165.0,4040.0,4140.0,3868.118652,106953
2015-10-14,4180.0,4200.0,3970.0,4060.0,3793.372314,207565
2015-10-15,4070.0,4120.0,3995.0,4110.0,3840.088867,96827
2015-10-16,4140.0,4190.0,4070.0,4170.0,3896.148438,156451
2015-10-19,4205.0,4230.0,4160.0,4220.0,3942.86499,128067
2015-10-20,4230.0,4260.0,4170.0,4260.0,3980.237793,141433
2015-10-21,4295.0,4335.0,4130.0,4270.0,3989.581543,272644
2015-10-22,4290.0,4300.0,4120.0,4200.0,3924.178223,219384
2015-10-23,4215.0,4275.0,4175.0,4225.0,3947.536621,143922
2015-10-26,4240.0,4260.0,4150.0,4230.0,3952.208008,160143
2015-10-27,4180.0,4250.0,4155.0,4240.0,3961.551514,115665
2015-10-28,4245.0,4250.0,4155.0,4230.0,3952.208008,122658
2015-10-29,4230.0,4240.0,4140.0,4180.0,3905.491699,147856
2015-10-30,4185.0,4185.0,3990.0,4095.0,3826.07373,397823
2015-11-02,4140.0,4140.0,3975.0,3990.0,3727.969482,239841
2015-11-03,4000.0,4030.0,3955.0,3990.0,3727.969482,113471
2015-11-04,3990.0,4030.0,3910.0,3945.0,3685.924561,181257
2015-11-05,3955.0,3960.0,3900.0,3930.0,3671.909668,80718
2015-11-06,3955.0,3990.0,3880.0,3900.0,3643.879883,114786
2015-11-09,3910.0,3915.0,3845.0,3850.0,3597.16333,78116
2015-11-10,3810.0,3920.0,3795.0,3830.0,3578.477051,79623
2015-11-11,3810.0,3920.0,3800.0,3910.0,3653.223389,73308
2015-11-12,3910.0,3915.0,3815.0,3895.0,3639.208252,66600
2015-11-13,3830.0,3955.0,3780.0,3830.0,3578.477051,132473
2015-11-16,3825.0,3825.0,3730.0,3740.0,3494.387207,89247
2015-11-17,3760.0,3800.0,3735.0,3775.0,3527.088623,32399
2015-11-18,3780.0,3790.0,3750.0,3750.0,3503.730713,52008
2015-11-19,3760.0,3810.0,3745.0,3800.0,3550.447021,44338
2015-11-20,3765.0,3835.0,3765.0,3800.0,3550.447021,58600
2015-11-23,3800.0,3840.0,3790.0,3820.0,3569.133545,31440
2015-11-24,3795.0,3835.0,3790.0,3820.0,3569.133545,66861
2015-11-25,3820.0,3840.0,3790.0,3825.0,3573.80542,92184
2015-11-26,3820.0,3890.0,3815.0,3855.0,3601.834961,60914
2015-11-27,3875.0,3875.0,3760.0,3770.0,3522.41748,120788
2015-11-30,3760.0,3790.0,3705.0,3710.0,3466.357422,87720
2015-12-01,3705.0,3760.0,3705.0,3745.0,3499.059082,16869
2015-12-02,3730.0,3815.0,3730.0,3805.0,3555.118652,74452
2015-12-03,3780.0,3820.0,3775.0,3800.0,3550.447021,33845
2015-12-04,3760.0,3820.0,3760.0,3805.0,3555.118652,39632
2015-12-07,3820.0,3830.0,3765.0,3800.0,3550.447021,34851
2015-12-08,3805.0,3810.0,3760.0,3760.0,3513.074219,74360
2015-12-09,3755.0,3805.0,3750.0,3795.0,3545.775391,42005
2015-12-10,3775.0,3800.0,3645.0,3770.0,3522.41748,107563
2015-12-11,3770.0,3790.0,3735.0,3745.0,3499.059082,39579
2015-12-14,3675.0,3745.0,3625.0,3635.0,3396.282715,60800
2015-12-15,3640.0,3670.0,3570.0,3650.0,3410.297852,75860
2015-12-16,3635.0,3730.0,3620.0,3720.0,3475.700684,45068
2015-12-17,3740.0,3780.0,3710.0,3770.0,3522.41748,41980
2015-12-18,3770.0,3810.0,3765.0,3800.0,3550.447021,40525
2015-12-21,3810.0,3830.0,3795.0,3810.0,3559.790283,36573
2015-12-22,3795.0,3835.0,3780.0,3790.0,3541.10376,45215
2015-12-23,3800.0,3815.0,3785.0,3810.0,3559.790283,37218
2015-12-24,3810.0,3875.0,3790.0,3850.0,3597.16333,57521
2015-12-28,3850.0,3860.0,3790.0,3825.0,3573.80542,86681
2015-12-29,3770.0,3795.0,3690.0,3775.0,3621.775879,95939
2015-12-30,3775.0,3775.0,3690.0,3700.0,3549.820068,65951
2016-01-04,3700.0,3725.0,3555.0,3560.0,3415.502441,63944
2016-01-05,3565.0,3575.0,3435.0,3460.0,3319.561279,121473
2016-01-06,3495.0,3495.0,3315.0,3365.0,3228.417236,230265
2016-01-07,3330.0,3365.0,3215.0,3235.0,3103.693848,177215
2016-01-08,3235.0,3265.0,3190.0,3240.0,3108.490967,114371
2016-01-11,3250.0,3365.0,3240.0,3300.0,3166.055664,76955
2016-01-12,3300.0,3350.0,3280.0,3295.0,3161.258789,44260
2016-01-13,3295.0,3315.0,3250.0,3295.0,3161.258789,77433
2016-01-14,3265.0,3295.0,3230.0,3250.0,3118.085205,49866
2016-01-15,3250.0,3300.0,3215.0,3235.0,3103.693848,33432
2016-01-18,3200.0,3290.0,3170.0,3285.0,3151.664551,72001
2016-01-19,3250.0,3285.0,3195.0,3210.0,3079.70874,89443
2016-01-20,3195.0,3225.0,3000.0,3030.0,2907.014893,129630
2016-01-21,2995.0,3050.0,2950.0,3030.0,2907.014893,60858
2016-01-22,3035.0,3385.0,3030.0,3170.0,3041.332275,102471
2016-01-25,3205.0,3255.0,3180.0,3240.0,3108.490967,63070
2016-01-26,3205.0,3260.0,3185.0,3205.0,3074.911621,15458
2016-01-27,3185.0,3235.0,3135.0,3170.0,3041.332275,53340
2016-01-28,3170.0,3175.0,3120.0,3145.0,3017.346924,43206
2016-01-29,3120.0,3190.0,3120.0,3170.0,3041.332275,52882
2016-02-01,3180.0,3180.0,3110.0,3130.0,3002.955811,40069
2016-02-02,3140.0,3145.0,3035.0,3050.0,2926.203125,81776
2016-02-03,3020.0,3045.0,2950.0,3010.0,2887.826416,133371
2016-02-04,3035.0,3095.0,3020.0,3080.0,2954.985352,62474
2016-02-05,3050.0,3230.0,3045.0,3160.0,3031.738037,63482
2016-02-11,3160.0,3160.0,3040.0,3135.0,3007.75293,65713
2016-02-12,3075.0,3130.0,2980.0,3055.0,2931.0,153040
2016-02-15,3020.0,3085.0,3020.0,3060.0,2935.797119,51560
2016-02-16,3075.0,3195.0,3070.0,3190.0,3060.520508,77300
2016-02-17,3180.0,3295.0,3150.0,3270.0,3137.273438,109620
2016-02-18,3270.0,3325.0,3250.0,3280.0,3146.867432,62103
2016-02-19,3295.0,3325.0,3215.0,3275.0,3142.070557,58216
2016-02-22,3260.0,3265.0,3215.0,3230.0,3098.896973,14486
2016-02-23,3250.0,3315.0,3220.0,3310.0,3175.649658,53419
2016-02-24,3300.0,3330.0,3265.0,3320.0,3185.243896,32620
2016-02-25,3300.0,3325.0,3205.0,3275.0,3142.070557,122587
2016-02-26,3255.0,3300.0,3245.0,3275.0,3142.070557,27520
2016-02-29,3250.0,3290.0,3240.0,3275.0,3142.070557,47431
2016-03-02,3275.0,3295.0,3245.0,3265.0,3132.476318,33983
2016-03-03,3275.0,3350.0,3275.0,3335.0,3199.63501,50413
2016-03-04,3355.0,3355.0,3300.0,3340.0,3204.432129,38552
2016-03-07,3355.0,3375.0,3290.0,3300.0,3166.055664,38156
2016-03-08,3305.0,3340.0,3245.0,3295.0,3161.258789,26369
2016-03-09,3295.0,3580.0,3230.0,3300.0,3166.055664,341178
2016-03-10,3315.0,3415.0,3290.0,3360.0,3223.620361,75389
2016-03-11,3360.0,3415.0,3360.0,3390.0,3252.402588,37000
2016-03-14,3415.0,3440.0,3395.0,3420.0,3281.185059,30271
2016-03-15,3410.0,3440.0,3365.0,3435.0,3295.576172,105161
2016-03-16,3475.0,3555.0,3465.0,3515.0,3372.328857,181472
2016-03-17,3530.0,3530.0,3415.0,3515.0,3372.328857,95665
2016-03-18,3515.0,3555.0,3450.0,3550.0,3405.908447,138661
2016-03-21,3555.0,3560.0,3515.0,3550.0,3405.908447,109927
2016-03-22,3540.0,3650.0,3540.0,3595.0,3449.082031,136982
2016-03-23,3625.0,3725.0,3585.0,3690.0,3540.22583,237562
2016-03-24,3750.0,4195.0,3705.0,3920.0,3760.890381,2282481
2016-03-25,3980.0,4090.0,3715.0,3735.0,3583.399414,1502571
2016-03-28,3800.0,3915.0,3500.0,3560.0,3415.502441,1016177
2016-03-29,3535.0,3635.0,3535.0,3610.0,3463.4729,234668
2016-03-30,3590.0,3985.0,3585.0,3825.0,3669.746338,811393
2016-03-31,3800.0,3940.0,3770.0,3835.0,3679.340332,348946
2016-04-01,3890.0,3905.0,3775.0,3845.0,3688.93457,252772
2016-04-04,3845.0,3945.0,3645.0,3685.0,3535.428711,400753
2016-04-05,3690.0,3730.0,3655.0,3665.0,3516.240479,156552
2016-04-06,3700.0,3705.0,3590.0,3590.0,3444.284668,161474
2016-04-07,3590.0,3615.0,3500.0,3575.0,3429.893799,189403
2016-04-08,3570.0,3580.0,3510.0,3570.0,3425.09668,68184
2016-04-11,3555.0,3600.0,3500.0,3570.0,3425.09668,132404
2016-04-12,3570.0,3570.0,3505.0,3525.0,3381.923096,80233
2016-04-14,3525.0,3550.0,3305.0,3550.0,3405.908447,348001
2016-04-15,3545.0,3560.0,3495.0,3560.0,3415.502441,100394
2016-04-18,3560.0,3565.0,3500.0,3525.0,3381.923096,97232
2016-04-19,3510.0,3585.0,3510.0,3585.0,3439.487793,62842
2016-04-20,3585.0,3590.0,3545.0,3570.0,3425.09668,54728
2016-04-21,3590.0,3635.0,3545.0,3625.0,3477.864258,139973
2016-04-22,3630.0,3630.0,3580.0,3615.0,3468.27002,38402
2016-04-25,3580.0,3595.0,3530.0,3545.0,3401.111328,96135
2016-04-26,3570.0,3570.0,3520.0,3540.0,3396.314209,46430
2016-04-27,3545.0,3545.0,3515.0,3515.0,3372.328857,86318
2016-04-28,3500.0,3535.0,3500.0,3520.0,3377.126221,39106
2016-04-29,3500.0,3555.0,3480.0,3555.0,3410.705322,66245
2016-05-02,3555.0,3555.0,3505.0,3550.0,3405.908447,51334
2016-05-03,3530.0,3530.0,3495.0,3505.0,3362.734863,44838
2016-05-04,3515.0,3520.0,3470.0,3470.0,3329.155518,48833
2016-05-09,3470.0,3510.0,3455.0,3455.0,3314.764404,34136
2016-05-10,3460.0,3490.0,3430.0,3450.0,3309.967285,25451
2016-05-11,3470.0,3490.0,3430.0,3440.0,3300.373047,34476
2016-05-12,3440.0,3455.0,3395.0,3410.0,3271.59082,39699
2016-05-13,3405.0,3485.0,3395.0,3440.0,3300.373047,48163
2016-05-16,3440.0,3470.0,3400.0,3430.0,3290.779053,34263
2016-05-17,3440.0,3440.0,3335.0,3395.0,3257.199707,72933
2016-05-18,3355.0,3400.0,3335.0,3350.0,3214.026367,49103
2016-05-19,3335.0,3355.0,3320.0,3325.0,3190.041016,31335
2016-05-20,3345.0,3365.0,3310.0,3350.0,3214.026367,33600
2016-05-23,3345.0,3350.0,3330.0,3340.0,3204.432129,33790
2016-05-24,3340.0,3355.0,3315.0,3335.0,3199.63501,23188
2016-05-25,3330.0,3360.0,3320.0,3340.0,3204.432129,66037
2016-05-26,3340.0,3360.0,3315.0,3335.0,3199.63501,47671
2016-05-27,3320.0,3350.0,3320.0,3345.0,3209.229248,14571
2016-05-30,3350.0,3355.0,3330.0,3330.0,3194.837891,21302
2016-05-31,3345.0,3360.0,3330.0,3345.0,3209.229248,25302
2016-06-01,3355.0,3455.0,3345.0,3380.0,3242.808594,86918
2016-06-02,3380.0,3455.0,3380.0,3445.0,3305.17041,40811
2016-06-03,3450.0,3490.0,3415.0,3480.0,3338.749512,63240
2016-06-07,3480.0,3490.0,3455.0,3460.0,3319.561279,53281
2016-06-08,3475.0,3475.0,3415.0,3470.0,3329.155518,41895
2016-06-09,3465.0,3480.0,3450.0,3470.0,3329.155518,57528
2016-06-10,3460.0,3510.0,3455.0,3500.0,3357.937988,56182
2016-06-13,3515.0,3515.0,3450.0,3510.0,3367.531982,37933
2016-06-14,3505.0,3540.0,3480.0,3540.0,3396.314209,106167
2016-06-15,3490.0,3595.0,3490.0,3580.0,3434.690674,94160
2016-06-16,3580.0,3590.0,3505.0,3560.0,3415.502441,64953
2016-06-17,3550.0,3570.0,3495.0,3570.0,3425.09668,71495
2016-06-20,3570.0,3590.0,3520.0,3545.0,3401.111328,46451
2016-06-21,3545.0,3570.0,3505.0,3520.0,3377.126221,30621
2016-06-22,3520.0,3720.0,3520.0,3680.0,3530.631836,526328
2016-06-23,3720.0,3775.0,3540.0,3685.0,3535.428711,434822
2016-06-24,3690.0,3715.0,3390.0,3675.0,3525.834717,516836
2016-06-27,3625.0,3640.0,3500.0,3585.0,3439.487793,218876
2016-06-28,3570.0,3640.0,3545.0,3570.0,3425.09668,235305
2016-06-29,3500.0,3585.0,3495.0,3585.0,3478.462158,207516
2016-06-30,3595.0,3605.0,3540.0,3570.0,3463.907959,88843
2016-07-01,3565.0,3580.0,3520.0,3570.0,3463.907959,96105
2016-07-04,3580.0,3600.0,3540.0,3595.0,3488.165039,116563
2016-07-05,3600.0,3635.0,3530.0,3565.0,3459.056396,82870
2016-07-06,3610.0,3610.0,3500.0,3590.0,3483.313477,88139
2016-07-07,3585.0,3610.0,3560.0,3595.0,3488.165039,61119
2016-07-08,3580.0,3610.0,3565.0,3600.0,3493.016357,86527
2016-07-11,3620.0,3630.0,3565.0,3600.0,3493.016357,75825
2016-07-12,3600.0,3600.0,3535.0,3565.0,3459.056396,71412
2016-07-13,3540.0,3565.0,3510.0,3560.0,3454.205078,127821
2016-07-14,3535.0,3565.0,3510.0,3545.0,3439.650879,105395
2016-07-15,3545.0,3575.0,3505.0,3565.0,3459.056396,66187
2016-07-18,3565.0,3625.0,3550.0,3580.0,3473.610596,97597
2016-07-19,3565.0,3630.0,3545.0,3590.0,3483.313477,79293
2016-07-20,3600.0,3610.0,3555.0,3595.0,3488.165039,66415
2016-07-21,3595.0,3605.0,3555.0,3585.0,3478.462158,81548
2016-07-22,3575.0,3600.0,3550.0,3600.0,3493.016357,137487
2016-07-25,3630.0,3630.0,3575.0,3615.0,3507.570557,184483
2016-07-26,3605.0,3620.0,3575.0,3620.0,3512.421875,91211
2016-07-27,3620.0,3645.0,3595.0,3640.0,3531.827637,157629
2016-07-28,3645.0,3700.0,3615.0,3665.0,3556.084717,326960
2016-07-29,3680.0,3690.0,3625.0,3675.0,3565.787598,148176
2016-08-01,3680.0,3685.0,3605.0,3665.0,3556.084717,196194
2016-08-02,3655.0,3665.0,3615.0,3665.0,3556.084717,79865
2016-08-03,3665.0,3690.0,3630.0,3660.0,3551.233398,134142
2016-08-04,3665.0,3680.0,3640.0,3670.0,3560.936035,84878
2016-08-05,3675.0,3675.0,3620.0,3655.0,3546.381836,67124
2016-08-08,3670.0,3680.0,3635.0,3665.0,3556.084717,49938
2016-08-09,3665.0,3670.0,3595.0,3610.0,3502.719238,194163
2016-08-10,3625.0,3635.0,3535.0,3630.0,3522.124756,93965
2016-08-11,3630.0,3640.0,3610.0,3640.0,3531.827637,65249
2016-08-12,3635.0,3650.0,3625.0,3640.0,3531.827637,52739
2016-08-16,3640.0,3700.0,3625.0,3680.0,3570.638916,193508
2016-08-17,3680.0,3710.0,3620.0,3690.0,3580.341797,204789
2016-08-18,3700.0,3715.0,3655.0,3680.0,3570.638916,197391
2016-08-19,3685.0,3700.0,3625.0,3630.0,3522.124756,101317
2016-08-22,3635.0,3770.0,3620.0,3685.0,3575.490234,515093
2016-08-23,3700.0,3755.0,3645.0,3680.0,3570.638916,814782
2016-08-24,3690.0,3735.0,3635.0,3685.0,3575.490234,272322
2016-08-25,3690.0,3690.0,3615.0,3660.0,3551.233398,160025
2016-08-26,3660.0,3695.0,3605.0,3695.0,3585.193115,194832
2016-08-29,3695.0,3740.0,3610.0,3610.0,3502.719238,425029
2016-08-30,3640.0,3645.0,3590.0,3610.0,3502.719238,155812
2016-08-31,3590.0,3625.0,3545.0,3590.0,3483.313477,139290
2016-09-01,3585.0,3595.0,3550.0,3575.0,3468.759277,45844
2016-09-02,3580.0,3605.0,3565.0,3580.0,3473.610596,84150
2016-09-05,3585.0,3635.0,3570.0,3620.0,3512.421875,175703
2016-09-06,3630.0,3645.0,3595.0,3645.0,3536.678955,103913
2016-09-07,3645.0,3680.0,3605.0,3675.0,3565.787598,186298
2016-09-08,3670.0,3690.0,3605.0,3645.0,3536.678955,126074
2016-09-09,3650.0,3650.0,3585.0,3600.0,3493.016357,83473
2016-09-12,3550.0,3575.0,3510.0,3530.0,3425.09668,111464
2016-09-13,3540.0,3590.0,3535.0,3570.0,3463.907959,47117
2016-09-19,3570.0,3580.0,3495.0,3560.0,3454.205078,61363
2016-09-20,3560.0,3605.0,3560.0,3590.0,3483.313477,53902
2016-09-21,3590.0,3600.0,3555.0,3555.0,3449.353516,70649
2016-09-22,3570.0,3575.0,3545.0,3565.0,3459.056396,58649
2016-09-23,3560.0,3595.0,3550.0,3585.0,3478.462158,75801
2016-09-26,3600.0,3600.0,3555.0,3570.0,3463.907959,47233
2016-09-27,3555.0,3595.0,3550.0,3570.0,3463.907959,51315
2016-09-28,3610.0,3610.0,3540.0,3545.0,3439.650879,56550
2016-09-29,3550.0,3575.0,3545.0,3555.0,3449.353516,41945
2016-09-30,3555.0,3565.0,3530.0,3530.0,3425.09668,57640
2016-10-04,3530.0,3570.0,3530.0,3560.0,3454.205078,27262
2016-10-05,3540.0,3570.0,3530.0,3555.0,3449.353516,30744
2016-10-06,3555.0,3555.0,3530.0,3540.0,3434.799316,40336
2016-10-07,3540.0,3580.0,3530.0,3545.0,3439.650879,77736
2016-10-10,3545.0,3580.0,3535.0,3550.0,3444.502197,30351
2016-10-11,3555.0,3560.0,3530.0,3555.0,3449.353516,37408
2016-10-12,3560.0,3570.0,3535.0,3550.0,3444.502197,24176
2016-10-13,3560.0,3565.0,3535.0,3540.0,3434.799316,29632
2016-10-14,3535.0,3580.0,3535.0,3545.0,3439.650879,27470
2016-10-17,3555.0,3565.0,3540.0,3555.0,3449.353516,35065
2016-10-18,3560.0,3585.0,3550.0,3580.0,3473.610596,44959
2016-10-19,3595.0,3615.0,3555.0,3575.0,3468.759277,51896
2016-10-20,3575.0,3590.0,3550.0,3590.0,3483.313477,58410
2016-10-21,3590.0,3590.0,3545.0,3555.0,3449.353516,49111
2016-10-24,3545.0,3575.0,3540.0,3545.0,3439.650879,50220
2016-10-25,3565.0,3565.0,3520.0,3540.0,3434.799316,44928
2016-10-26,3530.0,3545.0,3505.0,3535.0,3429.947998,57074
2016-10-27,3540.0,3560.0,3510.0,3520.0,3415.393799,35051
2016-10-28,3500.0,3545.0,3495.0,3500.0,3395.988037,50572
2016-10-31,3530.0,3530.0,3465.0,3475.0,3371.730957,53117
2016-11-01,3480.0,3540.0,3450.0,3465.0,3362.02832,86419
2016-11-02,3490.0,3490.0,3400.0,3400.0,3298.959961,88141
2016-11-03,3365.0,3545.0,3365.0,3520.0,3415.393799,102897
2016-11-04,3535.0,3535.0,3445.0,3480.0,3376.58252,46122
2016-11-07,3485.0,3485.0,3420.0,3465.0,3362.02832,91477
2016-11-08,3440.0,3470.0,3410.0,3450.0,3347.473877,59736
2016-11-09,3425.0,3450.0,3150.0,3190.0,3095.200684,340929
2016-11-10,3240.0,3300.0,3240.0,3280.0,3182.525879,98016
2016-11-11,3260.0,3360.0,3260.0,3345.0,3245.594238,81218
2016-11-14,3345.0,3415.0,3340.0,3410.0,3308.662598,32830
2016-11-15,3420.0,3480.0,3240.0,3400.0,3298.959961,109680
2016-11-16,3400.0,3475.0,3400.0,3440.0,3337.77124,98541
2016-11-17,3440.0,3450.0,3395.0,3420.0,3318.365479,143155
2016-11-18,3420.0,3420.0,3375.0,3395.0,3294.108398,65502
2016-11-21,3400.0,3420.0,3340.0,3375.0,3274.702881,47713
2016-11-22,3365.0,3400.0,3310.0,3335.0,3235.891602,127499
2016-11-23,3320.0,3355.0,3300.0,3330.0,3231.040039,97472
2016-11-24,3315.0,3365.0,3275.0,3300.0,3201.931641,134032
2016-11-25,3300.0,3325.0,3255.0,3265.0,3167.97168,102574
2016-11-28,3270.0,3275.0,3150.0,3180.0,3085.497803,262520
2016-11-29,3180.0,3215.0,3180.0,3195.0,3100.052002,102862
2016-11-30,3205.0,3305.0,3205.0,3295.0,3197.080322,83788
2016-12-01,3310.0,3310.0,3245.0,3290.0,3192.22876,46818
2016-12-02,3280.0,3290.0,3195.0,3195.0,3100.052002,119221
2016-12-05,3190.0,3245.0,3170.0,3205.0,3109.754883,66812
2016-12-06,3175.0,3215.0,3175.0,3200.0,3104.90332,25134
2016-12-07,3225.0,3290.0,3200.0,3290.0,3192.22876,56147
2016-12-08,3290.0,3450.0,3240.0,3325.0,3226.188721,151906
2016-12-09,3335.0,3340.0,3255.0,3265.0,3167.97168,44114
2016-12-12,3260.0,3290.0,3235.0,3270.0,3172.823242,47165
2016-12-13,3290.0,3290.0,3240.0,3280.0,3182.525879,37812
2016-12-14,3300.0,3300.0,3270.0,3280.0,3182.525879,28072
2016-12-15,3280.0,3340.0,3260.0,3335.0,3235.891602,51224
2016-12-16,3360.0,3360.0,3280.0,3335.0,3235.891602,69502
2016-12-19,3335.0,3345.0,3300.0,3345.0,3245.594238,28477
2016-12-20,3355.0,3385.0,3345.0,3370.0,3269.851318,44418
2016-12-21,3370.0,3410.0,3355.0,3390.0,3289.25708,87303
2016-12-22,3390.0,3415.0,3335.0,3335.0,3235.891602,88886
2016-12-23,3335.0,3395.0,3335.0,3365.0,3265.0,47230
2016-12-26,3365.0,3405.0,3355.0,3365.0,3265.0,81165
2016-12-27,3365.0,3410.0,3360.0,3365.0,3265.0,83749
2016-12-28,3320.0,3365.0,3295.0,3325.0,3325.0,93523
2016-12-29,3330.0,3350.0,3280.0,3350.0,3350.0,71078
2017-01-02,3350.0,3400.0,3300.0,3395.0,3395.0,106914
2017-01-03,3385.0,3450.0,3335.0,3335.0,3335.0,131832
2017-01-04,3350.0,3370.0,3310.0,3310.0,3310.0,59145
2017-01-05,3310.0,3380.0,3275.0,3295.0,3295.0,143105
2017-01-06,3290.0,3340.0,3285.0,3325.0,3325.0,50404
2017-01-09,3305.0,3335.0,3300.0,3335.0,3335.0,52407
2017-01-10,3335.0,3335.0,3245.0,3290.0,3290.0,108674
2017-01-11,3265.0,3290.0,3245.0,3290.0,3290.0,40901
2017-01-12,3305.0,3305.0,3215.0,3220.0,3220.0,124253
2017-01-13,3220.0,3240.0,3200.0,3205.0,3205.0,37716
2017-01-16,3210.0,3235.0,3170.0,3205.0,3205.0,130539
2017-01-17,3210.0,3265.0,3205.0,3260.0,3260.0,49105
2017-01-18,3270.0,3280.0,3230.0,3280.0,3280.0,34640
2017-01-19,3285.0,3295.0,3240.0,3270.0,3270.0,49108
2017-01-20,3270.0,3270.0,3195.0,3230.0,3230.0,85276
2017-01-23,3230.0,3230.0,3200.0,3210.0,3210.0,28763
2017-01-24,3225.0,3230.0,3190.0,3210.0,3210.0,46448
2017-01-25,3215.0,3230.0,3160.0,3200.0,3200.0,73444
2017-01-26,3200.0,3220.0,3160.0,3200.0,3200.0,83192
2017-01-31,3200.0,3230.0,3130.0,3145.0,3145.0,109874
2017-02-01,3130.0,3200.0,3130.0,3175.0,3175.0,73132
2017-02-02,3185.0,3205.0,3145.0,3200.0,3200.0,76948
2017-02-03,3210.0,3225.0,3185.0,3215.0,3215.0,40424
2017-02-06,3230.0,3230.0,3175.0,3210.0,3210.0,26443
2017-02-07,3210.0,3220.0,3165.0,3200.0,3200.0,35272
2017-02-08,3205.0,3215.0,3165.0,3200.0,3200.0,22866
2017-02-09,3210.0,3210.0,3180.0,3200.0,3200.0,16617
2017-02-10,3205.0,3210.0,3170.0,3200.0,3200.0,22001
2017-02-13,3200.0,3205.0,3160.0,3165.0,3165.0,41334
2017-02-14,3165.0,3175.0,3145.0,3165.0,3165.0,61432
2017-02-15,3170.0,3210.0,3165.0,3210.0,3210.0,37302
2017-02-16,3215.0,3220.0,3195.0,3210.0,3210.0,32241
2017-02-17,3210.0,3210.0,3185.0,3200.0,3200.0,20189
2017-02-20,3210.0,3210.0,3185.0,3205.0,3205.0,35086
2017-02-21,3215.0,3260.0,3205.0,3255.0,3255.0,76160
2017-02-22,3250.0,3270.0,3235.0,3265.0,3265.0,33375
2017-02-23,3265.0,3275.0,3260.0,3270.0,3270.0,28507
2017-02-24,3275.0,3280.0,3245.0,3270.0,3270.0,41843
2017-02-27,3275.0,3280.0,3255.0,3265.0,3265.0,29135
2017-02-28,3265.0,3280.0,3260.0,3275.0,3275.0,37233
2017-03-02,3275.0,3280.0,3270.0,3280.0,3280.0,34806
2017-03-03,3250.0,3275.0,3225.0,3245.0,3245.0,46059
2017-03-06,3245.0,3250.0,3200.0,3240.0,3240.0,35227
2017-03-07,3220.0,3245.0,3215.0,3240.0,3240.0,37467
2017-03-08,3265.0,3270.0,3215.0,3255.0,3255.0,55550
2017-03-09,3260.0,3260.0,3240.0,3250.0,3250.0,25276
2017-03-10,3265.0,3270.0,3225.0,3255.0,3255.0,23145
2017-03-13,3245.0,3275.0,3240.0,3270.0,3270.0,22438
2017-03-14,3245.0,3275.0,3240.0,3270.0,3270.0,55281
2017-03-15,3250.0,3270.0,3200.0,3230.0,3230.0,94705
2017-03-16,3240.0,3240.0,3195.0,3220.0,3220.0,119267
2017-03-17,3205.0,3240.0,3195.0,3240.0,3240.0,131797
2017-03-20,3235.0,3235.0,3170.0,3200.0,3200.0,103339
2017-03-21,3200.0,3215.0,3175.0,3205.0,3205.0,54846
2017-03-22,3200.0,3200.0,3170.0,3180.0,3180.0,67153
2017-03-23,3175.0,3195.0,3170.0,3185.0,3185.0,30106
2017-03-24,3195.0,3205.0,3185.0,3205.0,3205.0,14570
2017-03-27,3220.0,3220.0,3180.0,3200.0,3200.0,17431
2017-03-28,3195.0,3210.0,3180.0,3185.0,3185.0,11439
2017-03-29,3215.0,3215.0,3185.0,3200.0,3200.0,21590
2017-03-30,3215.0,3215.0,3160.0,3190.0,3190.0,86499
2017-03-31,3190.0,3190.0,3170.0,3190.0,3190.0,25137
2017-04-03,3175.0,3195.0,3150.0,3195.0,3195.0,72911
2017-04-04,3170.0,3230.0,3170.0,3220.0,3220.0,83769
2017-04-05,3220.0,3235.0,3195.0,3215.0,3215.0,41087
2017-04-06,3215.0,3215.0,3190.0,3210.0,3210.0,30886
2017-04-07,3200.0,3230.0,3190.0,3210.0,3210.0,98894
2017-04-10,3210.0,3215.0,3190.0,3210.0,3210.0,74468
2017-04-11,3185.0,3210.0,3185.0,3200.0,3200.0,28013
2017-04-12,3195.0,3225.0,3195.0,3210.0,3210.0,56565
2017-04-13,3220.0,3235.0,3210.0,3220.0,3220.0,42831
2017-04-14,3220.0,3235.0,3205.0,3220.0,3220.0,29055
2017-04-17,3220.0,3240.0,3220.0,3235.0,3235.0,45870
2017-04-18,3245.0,3260.0,3225.0,3255.0,3255.0,62836
2017-04-19,3260.0,3265.0,3230.0,3255.0,3255.0,55681
2017-04-20,3260.0,3275.0,3235.0,3245.0,3245.0,66460
2017-04-21,3255.0,3255.0,3235.0,3250.0,3250.0,37107
2017-04-24,3250.0,3275.0,3230.0,3245.0,3245.0,63486
2017-04-25,3240.0,3260.0,3240.0,3250.0,3250.0,39329
2017-04-26,3265.0,3280.0,3255.0,3275.0,3275.0,69424
2017-04-27,3265.0,3285.0,3265.0,3280.0,3280.0,38363
2017-04-28,3265.0,3285.0,3265.0,3280.0,3280.0,35512
2017-05-02,3280.0,3300.0,3280.0,3300.0,3300.0,44753
2017-05-04,3300.0,3315.0,3285.0,3315.0,3315.0,71160
2017-05-08,3315.0,3340.0,3300.0,3330.0,3330.0,50203
2017-05-10,3330.0,3340.0,3300.0,3300.0,3300.0,86984
2017-05-11,3295.0,3330.0,3260.0,3310.0,3310.0,83051
2017-05-12,3305.0,3310.0,3260.0,3305.0,3305.0,57957
2017-05-15,3295.0,3335.0,3270.0,3320.0,3320.0,71812
2017-05-16,3320.0,3325.0,3265.0,3290.0,3290.0,91433
2017-05-17,3305.0,3305.0,3265.0,3290.0,3290.0,87066
2017-05-18,3265.0,3270.0,3240.0,3265.0,3265.0,123742
2017-05-19,3270.0,3295.0,3255.0,3295.0,3295.0,111271
2017-05-22,3290.0,3305.0,3280.0,3300.0,3300.0,57361
2017-05-23,3305.0,3305.0,3270.0,3300.0,3300.0,52434
2017-05-24,3300.0,3300.0,3270.0,3285.0,3285.0,70615
2017-05-25,3280.0,3305.0,3270.0,3275.0,3275.0,78851
2017-05-26,3285.0,3310.0,3260.0,3275.0,3275.0,133026
2017-05-29,3280.0,3355.0,3280.0,3345.0,3345.0,207186
2017-05-30,3355.0,3405.0,3350.0,3385.0,3385.0,156813
2017-05-31,3380.0,3410.0,3370.0,3395.0,3395.0,109169
2017-06-01,3395.0,3410.0,3385.0,3395.0,3395.0,47865
2017-06-02,3395.0,3420.0,3385.0,3400.0,3400.0,115375
2017-06-05,3400.0,3410.0,3365.0,3390.0,3390.0,51610
2017-06-07,3390.0,3390.0,3350.0,3370.0,3370.0,135932
2017-06-08,3390.0,3390.0,3305.0,3310.0,3310.0,302347
2017-06-09,3330.0,3365.0,3320.0,3365.0,3365.0,109833
2017-06-12,3360.0,3375.0,3350.0,3360.0,3360.0,76171
2017-06-13,3340.0,3370.0,3340.0,3355.0,3355.0,27084
2017-06-14,3360.0,3375.0,3335.0,3360.0,3360.0,58516
2017-06-15,3365.0,3365.0,3305.0,3335.0,3335.0,84444
2017-06-16,3335.0,3375.0,3325.0,3365.0,3365.0,67566
2017-06-19,3360.0,3375.0,3355.0,3370.0,3370.0,37633
2017-06-20,3360.0,3375.0,3350.0,3375.0,3375.0,84230
2017-06-21,3375.0,3375.0,3350.0,3360.0,3360.0,26521
2017-06-22,3360.0,3380.0,3340.0,3370.0,3370.0,71995
2017-06-23,3375.0,3385.0,3365.0,3375.0,3375.0,53105
2017-06-26,3375.0,3390.0,3365.0,3385.0,3385.0,94615
2017-06-27,3400.0,3400.0,3365.0,3390.0,3390.0,98379
2017-06-28,3385.0,3400.0,3375.0,3385.0,3385.0,61030
2017-06-29,3360.0,3365.0,3345.0,3360.0,3360.0,104577
2017-06-30,3350.0,3350.0,3330.0,3350.0,3350.0,22764
2017-07-03,3345.0,3345.0,3305.0,3330.0,3330.0,32047
2017-07-04,3325.0,3330.0,3275.0,3275.0,3275.0,91195
2017-07-05,3255.0,3285.0,3255.0,3270.0,3270.0,26574
2017-07-06,3275.0,3280.0,3240.0,3260.0,3260.0,51393
2017-07-07,3250.0,3255.0,3210.0,3240.0,3240.0,51173
