Date,Open,High,Low,Close,Adj Close,Volume
2007-10-12,2478.26001,2847.830078,2239.129883,5695.660156,2553.784912,10738930
2007-10-15,2743.47998,2830.429932,2421.73999,4843.47998,2171.689697,3212410
2007-10-16,2282.610107,2413.040039,2060.870117,4121.740234,1848.080444,1271670
2007-10-17,1960.869995,2060.870117,1767.390015,3573.919922,1602.452148,576610
2007-10-18,1826.089966,1913.040039,1800.0,3660.860107,1641.43396,255760
2007-10-19,1786.959961,1943.47998,1726.089966,3613.040039,1619.992554,284050
2007-10-22,1639.130005,1856.52002,1639.130005,3534.780029,1584.902832,151340
2007-10-23,1776.089966,1843.47998,1702.170044,3478.26001,1559.560791,303370
2007-10-24,1704.349976,1736.959961,1589.130005,3178.26001,1425.048706,372600
2007-10-25,1621.73999,1684.780029,1528.26001,3060.860107,1372.409546,194350
2007-10-26,1500.0,1565.219971,1478.26001,3034.780029,1360.715942,247940
2007-10-29,1608.699951,1652.170044,1513.040039,3239.139893,1452.345703,347300
2007-10-30,1695.650024,1695.650024,1493.47998,2986.959961,1339.27478,353050
2007-10-31,1497.829956,1602.170044,1456.52002,3069.560059,1376.310303,379960
2007-11-01,1521.73999,1582.609985,1508.699951,3047.820068,1366.562866,172500
2007-11-02,1517.390015,1521.73999,1445.650024,2952.179932,1323.680176,74980
2007-11-05,1471.73999,1515.219971,1456.52002,3017.399902,1352.923218,205850
2007-11-06,1506.52002,1682.609985,1482.609985,3230.439941,1448.444824,203780
2007-11-07,1595.650024,1673.910034,1569.569946,3347.820068,1501.074951,169970
2007-11-08,1621.73999,1673.910034,1567.390015,3134.780029,1405.553345,209070
2007-11-09,1591.300049,1600.0,1500.0,3017.399902,1352.923218,117530
2007-11-12,1458.699951,1478.26001,1352.170044,2782.600098,1247.64502,280830
2007-11-13,1391.300049,1456.52002,1369.569946,2865.219971,1284.689575,94760
2007-11-14,1434.780029,1445.650024,1404.349976,2891.300049,1296.383301,68310
2007-11-15,1419.569946,1450.0,1386.959961,2869.560059,1286.63562,112470
2007-11-16,1417.390015,1604.349976,1417.390015,2939.139893,1317.833496,60260
2007-11-19,1458.699951,1519.569946,1439.130005,2956.52002,1325.626221,81420
2007-11-20,1473.910034,1484.780029,1413.040039,2969.560059,1331.473022,31970
2007-11-21,1500.0,1521.73999,1393.47998,2865.219971,1284.689575,66470
2007-11-22,1426.089966,1426.089966,1286.959961,2778.26001,1245.698975,108100
2007-11-23,1323.910034,1426.089966,1221.73999,2443.47998,1095.592529,176410
2007-11-26,1204.349976,1300.0,1139.130005,2434.780029,1091.691772,632960
2007-11-27,1182.609985,1200.0,1134.780029,2356.52002,1056.601929,153640
2007-11-28,1180.430054,1236.959961,1163.040039,2343.47998,1050.755127,48070
2007-11-29,1200.0,1326.089966,1184.780029,2604.340088,1167.717896,193200
2007-11-30,1323.910034,1389.130005,1265.219971,2695.659912,1208.663452,113160
2007-12-03,1354.349976,1406.52002,1271.73999,2608.699951,1169.672852,75210
2007-12-04,1265.219971,1304.349976,1265.219971,2565.219971,1150.177612,57960
2007-12-05,1263.040039,1323.910034,1245.650024,2608.699951,1169.672852,64400
2007-12-06,1317.390015,1343.47998,1282.609985,2652.179932,1189.168091,59110
2007-12-07,1328.26001,1339.130005,1243.47998,2491.300049,1117.033691,54740
2007-12-10,1291.300049,1291.300049,1217.390015,2452.179932,1099.493286,54970
2007-12-11,1239.130005,1265.219971,1178.26001,2478.26001,1111.18689,49220
2007-12-12,1256.52002,1256.52002,1152.170044,2434.780029,1091.691772,139610
2007-12-13,1217.390015,1217.390015,1182.609985,2373.919922,1064.403564,18170
2007-12-14,1195.650024,1217.390015,1169.569946,2373.919922,1064.403564,57270
2007-12-17,1204.349976,1256.52002,1182.609985,2365.219971,1060.502686,35880
2007-12-18,1217.390015,1217.390015,1143.47998,2417.399902,1083.898804,52210
2007-12-20,1206.52002,1236.959961,1178.26001,2417.399902,1083.898804,40480
2007-12-21,1184.780029,1252.170044,1173.910034,2352.179932,1054.656006,71990
2007-12-24,1280.430054,1280.430054,1195.650024,2500.0,1120.93457,32660
2007-12-26,1265.219971,1265.219971,1213.040039,2504.340088,1122.880615,26450
2007-12-27,1239.130005,1254.349976,1200.0,2495.659912,1118.988647,27600
2007-12-28,1217.390015,1243.47998,1204.349976,2447.820068,1097.538452,22512
2008-01-02,1226.089966,1347.829956,1202.170044,2404.340088,1078.043213,74899
2008-01-03,1202.170044,1230.430054,1139.130005,2356.52002,1056.601929,99861
2008-01-04,1202.170044,1232.609985,1173.910034,2443.47998,1095.592529,19782
2008-01-07,1182.609985,1391.300049,1182.609985,2513.040039,1126.781494,87821
2008-01-08,1208.699951,1282.609985,1208.699951,2517.399902,1128.736328,20035
2008-01-09,1232.609985,1278.26001,1204.349976,2469.560059,1107.286133,42796
2008-01-10,1260.869995,1260.869995,1226.089966,2495.659912,1118.988647,50025
2008-01-11,1265.219971,1276.089966,1239.130005,2486.959961,1115.087769,41559
2008-01-14,1252.170044,1252.170044,1178.26001,2365.219971,1060.502686,51985
2008-01-15,1182.609985,1236.959961,1141.300049,2347.820068,1052.70105,60667
2008-01-16,1152.170044,1176.089966,1136.959961,2273.919922,1019.566223,43762
2008-01-17,1160.869995,1184.780029,1134.780029,2308.699951,1035.160645,65607
2008-01-18,1145.650024,1191.300049,1108.699951,2382.600098,1068.295532,70895
2008-01-21,1256.52002,1256.52002,1173.910034,2356.52002,1056.601929,20410
2008-01-22,1113.040039,1178.26001,1091.300049,2195.659912,984.476501,51136
2008-01-23,1108.699951,1186.959961,1108.699951,2317.399902,1039.061523,44459
2008-01-24,1173.910034,1173.910034,1134.780029,2286.959961,1025.412964,23522
2008-01-25,1152.170044,1197.829956,1143.47998,2352.179932,1054.656006,47313
2008-01-28,1130.430054,1204.349976,1130.430054,2286.959961,1025.412964,19959
2008-01-29,1184.780029,1184.780029,1141.300049,2321.73999,1041.007446,10242
2008-01-30,1184.780029,1236.959961,1160.869995,2330.439941,1044.908203,74462
2008-01-31,1165.219971,1217.390015,1013.039978,2386.959961,1070.250366,58457
2008-02-01,1230.430054,1230.430054,1178.26001,2413.040039,1081.94397,8188
2008-02-04,1206.52002,1241.300049,1178.26001,2426.080078,1087.790771,11866
2008-02-05,1215.219971,1243.47998,1191.300049,2400.0,1076.09729,21240
2008-02-11,1173.910034,1195.650024,1163.040039,2326.080078,1042.953369,8922
2008-02-12,1171.73999,1208.699951,1160.869995,2326.080078,1042.953369,18646
2008-02-13,1165.219971,1200.0,1156.52002,2326.080078,1042.953369,8096
2008-02-14,1163.040039,1180.430054,1147.829956,2334.780029,1046.85437,22910
2008-02-15,1186.959961,1186.959961,1152.170044,2339.139893,1048.809082,20228
2008-02-18,1173.910034,1208.699951,1171.73999,2343.47998,1050.755127,24840
2008-02-19,1173.910034,1195.650024,1160.869995,2365.219971,1060.502686,38191
2008-02-20,1173.910034,1193.47998,1165.219971,2373.919922,1064.403564,32835
2008-02-21,1195.650024,1195.650024,1165.219971,2365.219971,1060.502686,27379
2008-02-22,1182.609985,1217.390015,1176.089966,2352.179932,1054.656006,23872
2008-02-25,1178.26001,1256.52002,1178.26001,2491.300049,1117.033691,105846
2008-02-26,1271.73999,1302.170044,1241.300049,2582.600098,1157.970337,103861
2008-02-27,1321.73999,1321.73999,1245.650024,2552.179932,1144.330688,73947
2008-02-28,1300.0,1304.349976,1245.650024,2547.820068,1142.375854,56649
2008-02-29,1260.869995,1291.300049,1236.959961,2473.919922,1109.240967,24693
2008-03-03,1184.780029,1208.699951,1165.219971,2404.340088,1078.043213,34380
2008-03-04,1210.869995,1221.73999,1200.0,2434.780029,1091.691772,29357
2008-03-05,1204.349976,1380.430054,1204.349976,2739.139893,1228.158691,152081
2008-03-06,1380.430054,1380.430054,1306.52002,2713.040039,1216.456177,85381
2008-03-07,1343.47998,1343.47998,1282.609985,2669.560059,1196.960815,86494
2008-03-10,1273.910034,1343.47998,1273.910034,2656.52002,1191.114014,71015
2008-03-11,1369.569946,1382.609985,1308.699951,2695.659912,1208.663452,86114
2008-03-12,1391.300049,1430.430054,1352.170044,2769.560059,1241.798218,95119
2008-03-13,1369.569946,1386.959961,1326.089966,2682.600098,1202.807739,78009
2008-03-14,1360.869995,1378.26001,1317.390015,2721.73999,1220.357056,66440
2008-03-17,1434.780029,1495.650024,1347.829956,2782.600098,1247.64502,75748
2008-03-18,1413.040039,1413.040039,1326.089966,2773.919922,1243.753174,54321
2008-03-19,1471.73999,1471.73999,1360.869995,2778.26001,1245.698975,39535
2008-03-20,1378.26001,1417.390015,1326.089966,2682.600098,1202.807739,69534
2008-03-21,1356.52002,1356.52002,1250.0,2534.780029,1136.529053,116173
2008-03-24,1241.300049,1267.390015,1230.430054,2465.219971,1105.34021,42594
2008-03-25,1269.569946,1269.569946,1239.130005,2517.399902,1128.736328,36069
2008-03-26,1247.829956,1247.829956,1195.650024,2413.040039,1081.94397,56403
2008-03-27,1208.699951,1215.219971,1156.52002,2365.219971,1060.502686,41993
2008-03-28,1182.609985,1202.170044,1163.040039,2378.26001,1066.349487,38026
2008-03-31,1191.300049,1228.26001,1186.959961,2426.080078,1087.790771,22669
2008-04-01,1226.089966,1236.959961,1189.130005,2400.0,1076.09729,52907
2008-04-02,1213.040039,1213.040039,1195.650024,2417.399902,1083.898804,37419
2008-04-03,1217.390015,1228.26001,1204.349976,2456.52002,1101.439209,49818
2008-04-04,1230.430054,1247.829956,1136.959961,2491.300049,1117.033691,38277
2008-04-07,1234.780029,1265.219971,1234.780029,2530.439941,1134.58313,43801
2008-04-08,1295.650024,1295.650024,1252.170044,2530.439941,1134.58313,25003
2008-04-10,1241.300049,1347.829956,1241.300049,2652.179932,1189.168091,77068
2008-04-11,1326.089966,1343.47998,1291.300049,2608.699951,1169.672852,39992
2008-04-14,1304.349976,1321.73999,1260.869995,2617.399902,1173.573608,76774
2008-04-15,1308.699951,1317.390015,1291.300049,2630.439941,1179.42041,45841
2008-04-16,1304.349976,1326.089966,1284.780029,2634.780029,1181.366455,110034
2008-04-17,1317.390015,1326.089966,1267.390015,2643.47998,1185.267334,53638
2008-04-18,1326.089966,1334.780029,1282.609985,2643.47998,1185.267334,71300
2008-04-21,1334.780029,1382.609985,1317.390015,2717.399902,1218.411011,200392
2008-04-22,1336.959961,1378.26001,1326.089966,2704.340088,1212.555298,88568
2008-04-23,1352.170044,1430.430054,1336.959961,2860.860107,1282.734741,113374
2008-04-24,1458.699951,1515.219971,1395.650024,3030.439941,1358.77002,106265
2008-04-25,1493.47998,1739.130005,1493.47998,3304.340088,1481.579712,329220
2008-04-28,1658.699951,1741.300049,1621.73999,3391.300049,1520.57019,218295
2008-04-29,1695.650024,1804.349976,1695.650024,3539.139893,1586.857666,413186
2008-04-30,1797.829956,1850.0,1630.430054,3339.139893,1497.182983,175370
2008-05-02,1652.170044,1715.219971,1632.609985,3347.820068,1501.074951,158516
2008-05-06,1693.47998,1739.130005,1621.73999,3386.959961,1518.624268,89741
2008-05-07,1739.130005,1804.349976,1691.300049,3508.699951,1573.209229,182599
2008-05-08,1719.569946,1773.910034,1717.390015,3443.47998,1543.966309,48008
2008-05-09,1676.089966,1773.910034,1676.089966,3465.219971,1553.713989,74794
2008-05-13,1739.130005,1826.089966,1719.569946,3556.52002,1594.650513,178894
2008-05-14,1802.170044,1817.390015,1758.699951,3517.399902,1577.110107,72951
2008-05-15,1786.959961,1850.0,1758.699951,3569.560059,1600.497314,209134
2008-05-16,1769.569946,1934.780029,1765.219971,3739.139893,1676.532593,242924
2008-05-19,1873.910034,1939.130005,1869.569946,3782.600098,1696.018799,80999
2008-05-20,1891.300049,1939.130005,1869.569946,3878.26001,1738.910278,80270
2008-05-21,1913.040039,1978.26001,1913.040039,3878.26001,1738.910278,132910
2008-05-22,1913.040039,2226.090088,1880.430054,4452.180176,1996.241089,611384
2008-05-23,2300.0,2334.780029,2091.300049,4208.700195,1887.071045,496943
2008-05-26,2121.73999,2121.73999,1789.130005,3578.26001,1604.398193,531817
2008-05-27,1804.349976,1854.349976,1615.219971,3295.659912,1477.687622,497876
2008-05-28,1695.650024,1819.569946,1647.829956,3639.139893,1631.695068,425900
2008-05-29,1791.300049,1891.300049,1771.73999,3673.919922,1647.289429,311852
2008-05-30,1886.959961,1886.959961,1780.430054,3673.919922,1647.289429,81151
2008-06-02,1886.959961,1886.959961,1739.130005,3573.919922,1602.452148,86416
2008-06-03,1786.959961,1934.780029,1695.650024,3691.300049,1655.082397,83320
2008-06-04,1856.52002,1860.869995,1676.089966,3373.919922,1512.777344,96444
2008-06-05,1684.780029,1780.430054,1643.47998,3286.959961,1473.786865,54558
2008-06-09,1689.130005,1689.130005,1565.219971,3130.439941,1403.6073,69607
2008-06-10,1565.219971,1608.699951,1500.0,3213.040039,1440.643066,50333
2008-06-11,1606.52002,1704.349976,1573.910034,3304.340088,1481.579712,157660
2008-06-12,1704.349976,1802.170044,1567.390015,3139.139893,1407.508179,91190
2008-06-13,1571.73999,1634.780029,1513.040039,3069.560059,1376.310303,51131
2008-06-16,1652.170044,1663.040039,1521.73999,3126.080078,1401.652466,27694
2008-06-17,1647.829956,1647.829956,1521.73999,3121.73999,1399.706421,74550
2008-06-18,1532.609985,1552.170044,1515.219971,3043.47998,1364.616699,121198
2008-06-19,1550.0,1550.0,1480.430054,3052.179932,1368.517578,12390
2008-06-20,1532.609985,1534.780029,1500.0,3060.860107,1372.409546,5879
2008-06-23,1465.219971,1554.349976,1421.73999,3060.860107,1372.409546,15918
2008-06-24,1758.699951,1758.699951,1302.170044,2604.340088,1167.717896,3062383
2008-06-25,1269.569946,1323.910034,1230.430054,2473.919922,1109.240967,203166
2008-06-26,1239.130005,1258.699951,1217.390015,2460.860107,1103.385254,75707
2008-06-27,1217.390015,1217.390015,1171.73999,2347.820068,1052.70105,82779
2008-06-30,1167.390015,1217.390015,1145.650024,2291.300049,1027.359009,74589
2008-07-01,1139.130005,1156.52002,1121.73999,2313.040039,1037.106689,44827
2008-07-02,1156.52002,1328.26001,984.78302,1969.56604,883.101868,4489549
2008-07-03,982.609009,1006.52002,913.044006,1930.43396,865.556091,263046
2008-07-04,952.174011,989.130005,947.825989,1956.521973,877.253296,205395
2008-07-07,978.260986,1008.700012,956.521973,1995.651978,894.798157,100245
2008-07-08,1000.0,1043.47998,956.521973,1956.521973,877.253296,330418
2008-07-09,982.609009,1013.039978,976.086975,1952.17395,875.303711,84198
2008-07-10,960.869995,993.478027,943.478027,1986.956055,890.899109,45259
2008-07-11,997.825989,1002.169983,960.869995,2004.339966,898.693604,42775
2008-07-14,1004.349976,1091.300049,1002.169983,2095.659912,939.639099,194842
2008-07-15,1086.959961,1106.52002,1019.570007,2147.820068,963.026306,183246
2008-07-16,1073.910034,1082.609985,1019.570007,2073.919922,929.891418,123604
2008-07-17,1071.73999,1071.73999,1021.73999,2056.52002,922.089783,157009
2008-07-18,1036.959961,1045.650024,1028.26001,2069.560059,927.936584,87851
2008-07-21,1021.73999,1054.349976,1013.039978,2069.560059,927.936584,108252
2008-07-22,1039.130005,1039.130005,1021.73999,2073.919922,929.891418,57967
2008-07-23,1030.430054,1036.959961,1008.700012,2052.179932,920.143799,91965
2008-07-24,1023.909973,1039.130005,1015.219971,2060.860107,924.035767,53006
2008-07-25,1028.26001,1069.569946,1013.039978,2060.860107,924.035767,48999
2008-07-28,1056.52002,1056.52002,1030.430054,2095.659912,939.639099,58533
2008-07-29,1043.47998,1060.869995,1023.909973,2113.040039,947.431885,90620
2008-07-30,1041.300049,1213.040039,1041.300049,2334.780029,1046.85437,362020
2008-07-31,1195.650024,1195.650024,1123.910034,2260.860107,1013.71051,145820
2008-08-01,1130.430054,1239.130005,1130.430054,2382.600098,1068.295532,109710
2008-08-04,1178.26001,1369.569946,1178.26001,2739.139893,1228.158691,430790
2008-08-05,1573.910034,1573.910034,1543.47998,3147.820068,1411.400146,1541690
2008-08-06,1617.390015,1691.300049,1550.0,3147.820068,1411.400146,1806880
2008-08-07,1630.430054,1808.699951,1586.959961,3617.399902,1621.94751,1035230
2008-08-08,1980.430054,2030.430054,1808.699951,3704.340088,1660.929077,1613220
2008-08-11,1913.040039,1976.089966,1810.869995,3717.399902,1666.78479,323380
2008-08-12,1721.73999,1763.040039,1593.47998,3186.959961,1428.949463,445970
2008-08-13,1604.349976,1830.430054,1597.829956,3660.860107,1641.43396,838580
2008-08-14,1834.780029,1869.569946,1656.52002,3404.340088,1526.416992,603980
2008-08-18,1704.349976,1908.699951,1704.349976,3478.26001,1559.560791,472880
2008-08-19,2000.0,2005.0,1745.0,1810.0,1623.113159,1074513
2008-08-20,1760.0,1770.0,1600.0,1615.0,1448.247437,258373
2008-08-21,1595.0,1655.0,1530.0,1555.0,1394.442749,313325
2008-08-22,1530.0,1615.0,1350.0,1400.0,1255.446655,131005
2008-08-25,1450.0,1610.0,1440.0,1485.0,1331.670288,243126
2008-08-26,1385.0,1480.0,1385.0,1400.0,1255.446655,66817
2008-08-27,1455.0,1610.0,1420.0,1610.0,1443.763794,590333
2008-08-28,1745.0,1760.0,1550.0,1575.0,1412.377686,502261
2008-08-29,1640.0,1720.0,1540.0,1610.0,1443.763794,141103
2008-09-01,1580.0,1590.0,1370.0,1370.0,1228.544189,196657
2008-09-02,1315.0,1415.0,1205.0,1220.0,1094.032104,88765
2008-09-03,1220.0,1320.0,1140.0,1270.0,1138.869507,16166
2008-09-04,1210.0,1455.0,1200.0,1330.0,1192.674316,73905
2008-09-05,1295.0,1330.0,1215.0,1300.0,1165.771973,26250
2008-09-08,1300.0,1445.0,1300.0,1305.0,1170.255737,62659
2008-09-09,1250.0,1310.0,1180.0,1205.0,1080.580811,314135
2008-09-10,1215.0,1215.0,1145.0,1150.0,1031.259766,193960
2008-09-11,1160.0,1220.0,1150.0,1180.0,1058.162231,66098
2008-09-12,1170.0,1235.0,1145.0,1195.0,1071.613525,111953
2008-09-16,1060.0,1100.0,1020.0,1020.0,914.682556,117412
2008-09-17,1055.0,1130.0,1050.0,1070.0,959.52002,71230
2008-09-18,1000.0,1045.0,990.0,1000.0,896.747681,166146
2008-09-19,1045.0,1080.0,1020.0,1020.0,914.682556,110327
2008-09-22,1040.0,1040.0,1010.0,1015.0,910.198914,84597
2008-09-23,1005.0,1090.0,990.0,1060.0,950.55249,112810
2008-09-24,1080.0,1215.0,1050.0,1215.0,1089.548462,631876
2008-09-25,1255.0,1270.0,1140.0,1175.0,1053.678589,388098
2008-09-26,1185.0,1295.0,1130.0,1130.0,1013.324951,150320
2008-09-29,1135.0,1180.0,1120.0,1120.0,1004.357361,88096
2008-09-30,1020.0,1085.0,1010.0,1065.0,955.036255,140760
2008-10-01,1100.0,1115.0,1060.0,1060.0,950.55249,80191
2008-10-02,1090.0,1175.0,1080.0,1140.0,1022.292297,176331
2008-10-06,1135.0,1155.0,1075.0,1125.0,1008.841187,56262
2008-10-07,1125.0,1125.0,1040.0,1065.0,955.036255,60447
2008-10-08,1005.0,1060.0,955.0,980.0,878.812683,90167
2008-10-09,955.0,1000.0,945.0,945.0,847.426514,119697
2008-10-10,880.0,895.0,805.0,825.0,739.816833,150618
2008-10-13,825.0,880.0,825.0,880.0,789.137939,88828
2008-10-14,950.0,985.0,940.0,960.0,860.877747,91911
2008-10-15,935.0,960.0,905.0,940.0,842.94281,23888
2008-10-16,845.0,900.0,800.0,830.0,744.300537,93188
2008-10-17,855.0,870.0,810.0,835.0,748.784302,69607
2008-10-20,810.0,860.0,770.0,820.0,735.333069,82896
2008-10-21,855.0,890.0,820.0,840.0,753.268066,35414
2008-10-22,795.0,855.0,735.0,810.0,726.365601,39512
2008-10-23,760.0,795.0,700.0,730.0,654.625793,30702
2008-10-24,730.0,730.0,625.0,625.0,560.467285,32085
2008-10-27,600.0,675.0,540.0,565.0,506.662476,41245
2008-10-28,520.0,610.0,510.0,605.0,542.532349,66689
2008-10-29,630.0,675.0,550.0,605.0,542.532349,80752
2008-10-30,615.0,695.0,615.0,695.0,623.239624,40448
2008-10-31,720.0,735.0,650.0,715.0,641.174622,55300
2008-11-03,715.0,750.0,715.0,750.0,672.56073,30264
2008-11-04,750.0,775.0,710.0,765.0,686.011963,61923
2008-11-05,790.0,875.0,780.0,820.0,735.333069,72973
2008-11-06,790.0,790.0,700.0,740.0,663.593262,64872
2008-11-07,660.0,790.0,660.0,790.0,708.430603,49507
2008-11-10,800.0,830.0,775.0,815.0,730.849304,35279
2008-11-11,775.0,810.0,760.0,780.0,699.463135,19544
2008-11-12,760.0,780.0,755.0,765.0,686.011963,30392
2008-11-13,750.0,750.0,690.0,715.0,641.174622,23066
2008-11-14,740.0,780.0,725.0,750.0,672.56073,15359
2008-11-17,720.0,750.0,710.0,750.0,672.56073,41912
2008-11-18,735.0,820.0,705.0,705.0,632.207092,22295
2008-11-19,720.0,740.0,650.0,685.0,614.272095,53552
2008-11-20,650.0,670.0,595.0,595.0,533.56488,48379
2008-11-21,565.0,670.0,550.0,660.0,591.853455,84739
2008-11-24,635.0,660.0,615.0,620.0,555.983582,36803
2008-11-25,650.0,660.0,540.0,580.0,520.113647,42653
2008-11-26,595.0,625.0,565.0,565.0,506.662476,28601
2008-11-27,595.0,645.0,590.0,645.0,578.402283,64213
2008-11-28,655.0,735.0,645.0,655.0,587.36969,180131
2008-12-01,695.0,695.0,645.0,665.0,596.337158,39935
2008-12-02,630.0,670.0,615.0,665.0,596.337158,20651
2008-12-03,675.0,690.0,640.0,660.0,591.853455,22226
2008-12-04,670.0,675.0,650.0,665.0,596.337158,79168
2008-12-05,680.0,680.0,635.0,665.0,596.337158,17730
2008-12-08,680.0,700.0,665.0,700.0,627.723328,72333
2008-12-09,710.0,710.0,675.0,675.0,605.304626,40127
2008-12-10,650.0,700.0,650.0,675.0,605.304626,40796
2008-12-11,675.0,725.0,675.0,710.0,636.690857,69807
2008-12-12,710.0,730.0,680.0,700.0,627.723328,48392
2008-12-15,705.0,735.0,685.0,730.0,654.625793,133470
2008-12-16,720.0,735.0,715.0,715.0,641.174622,23390
2008-12-17,750.0,750.0,700.0,715.0,641.174622,62227
2008-12-18,695.0,720.0,690.0,695.0,623.239624,27007
2008-12-19,670.0,695.0,670.0,695.0,623.239624,100442
2008-12-22,695.0,715.0,690.0,700.0,627.723328,54419
2008-12-23,705.0,805.0,695.0,805.0,721.881897,292561
2008-12-24,820.0,850.0,735.0,820.0,735.333069,319926
2008-12-26,830.0,855.0,790.0,820.0,735.333069,101108
2008-12-29,870.0,940.0,825.0,865.0,775.686707,571139
2008-12-30,825.0,845.0,790.0,800.0,717.398132,234277
2009-01-02,815.0,825.0,790.0,790.0,708.430603,67501
2009-01-05,835.0,835.0,780.0,780.0,699.463135,61601
2009-01-06,810.0,820.0,755.0,800.0,717.398132,99429
2009-01-07,815.0,835.0,795.0,830.0,744.300537,129500
2009-01-08,810.0,840.0,795.0,805.0,721.881897,68198
2009-01-09,815.0,925.0,815.0,870.0,780.170471,230555
2009-01-12,870.0,1000.0,870.0,1000.0,896.747681,290202
2009-01-13,1025.0,1145.0,960.0,960.0,860.877747,607043
2009-01-14,970.0,1010.0,925.0,980.0,878.812683,207478
2009-01-15,990.0,990.0,880.0,890.0,798.105408,127996
2009-01-16,895.0,960.0,875.0,895.0,802.589111,110765
2009-01-19,900.0,940.0,890.0,920.0,825.007874,86984
2009-01-20,945.0,990.0,920.0,970.0,869.845215,172474
2009-01-21,950.0,960.0,890.0,890.0,798.105408,93400
2009-01-22,920.0,995.0,910.0,930.0,833.975342,121219
2009-01-23,950.0,950.0,885.0,900.0,807.072937,71589
2009-01-28,920.0,940.0,895.0,900.0,807.072937,58553
2009-01-29,910.0,915.0,895.0,900.0,807.072937,41419
2009-01-30,900.0,900.0,870.0,875.0,784.654236,36367
2009-02-02,855.0,895.0,840.0,840.0,753.268066,91047
2009-02-03,840.0,885.0,835.0,880.0,789.137939,36788
2009-02-04,905.0,905.0,875.0,875.0,784.654236,60498
2009-02-05,870.0,885.0,860.0,860.0,771.203003,50764
2009-02-06,865.0,905.0,865.0,870.0,780.170471,36121
2009-02-09,885.0,930.0,885.0,890.0,798.105408,111875
2009-02-10,900.0,900.0,880.0,890.0,798.105408,29373
2009-02-11,860.0,875.0,850.0,865.0,775.686707,38107
2009-02-12,885.0,885.0,855.0,870.0,780.170471,27606
2009-02-13,890.0,955.0,870.0,890.0,798.105408,113182
2009-02-16,900.0,935.0,885.0,925.0,829.491577,71952
2009-02-17,950.0,950.0,850.0,850.0,762.235535,97643
2009-02-18,860.0,875.0,825.0,850.0,762.235535,63996
2009-02-19,860.0,885.0,845.0,865.0,775.686707,47608
2009-02-20,865.0,985.0,830.0,880.0,789.137939,215347
2009-02-23,890.0,940.0,890.0,930.0,833.975342,27622
2009-02-24,940.0,995.0,855.0,965.0,865.361572,268749
2009-02-25,985.0,985.0,910.0,910.0,816.040405,135269
2009-02-26,915.0,930.0,850.0,875.0,784.654236,74813
2009-02-27,870.0,880.0,840.0,850.0,762.235535,32155
2009-03-02,835.0,835.0,765.0,765.0,686.011963,65461
2009-03-03,730.0,785.0,710.0,750.0,672.56073,29950
2009-03-04,770.0,850.0,755.0,840.0,753.268066,22992
2009-03-05,855.0,865.0,795.0,810.0,726.365601,21256
2009-03-06,815.0,825.0,785.0,800.0,717.398132,12444
2009-03-09,835.0,835.0,775.0,780.0,699.463135,38595
2009-03-10,780.0,800.0,780.0,790.0,708.430603,19843
2009-03-11,800.0,820.0,790.0,800.0,717.398132,83951
2009-03-12,820.0,850.0,805.0,840.0,753.268066,86841
2009-03-13,870.0,880.0,825.0,830.0,744.300537,43747
2009-03-16,830.0,845.0,820.0,840.0,753.268066,52007
2009-03-17,850.0,890.0,835.0,870.0,780.170471,68140
2009-03-18,895.0,900.0,850.0,855.0,766.719238,67048
2009-03-19,880.0,900.0,860.0,865.0,775.686707,73627
2009-03-20,870.0,895.0,865.0,870.0,780.170471,34091
2009-03-23,905.0,905.0,895.0,900.0,807.072937,1772
2009-03-24,930.0,930.0,885.0,900.0,807.072937,26835
2009-03-25,915.0,915.0,875.0,890.0,798.105408,81849
2009-03-26,920.0,920.0,895.0,900.0,807.072937,32788
2009-03-27,915.0,920.0,880.0,910.0,816.040405,95360
2009-03-30,930.0,1045.0,930.0,1045.0,937.101318,457787
2009-03-31,1095.0,1200.0,1090.0,1150.0,1031.259766,916492
2009-04-01,1150.0,1150.0,1055.0,1105.0,990.906128,452964
2009-04-02,1150.0,1270.0,1135.0,1260.0,1129.9021,953470
2009-04-03,1270.0,1305.0,1180.0,1285.0,1152.320679,407426
2009-04-06,1290.0,1375.0,1245.0,1265.0,1134.385742,179926
2009-04-07,1265.0,1265.0,1165.0,1235.0,1107.483398,281872
2009-04-08,1230.0,1275.0,1170.0,1190.0,1067.129761,241515
2009-04-09,1225.0,1350.0,1200.0,1320.0,1183.706909,272982
2009-04-10,1345.0,1390.0,1260.0,1265.0,1134.385742,222938
2009-04-13,1285.0,1310.0,1245.0,1300.0,1165.771973,240202
2009-04-14,1305.0,1465.0,1275.0,1405.0,1259.930542,316451
2009-04-15,1400.0,1430.0,1300.0,1350.0,1210.609253,187392
2009-04-16,1380.0,1445.0,1365.0,1400.0,1255.446655,143940
2009-04-17,1435.0,1455.0,1300.0,1335.0,1197.158081,154309
2009-04-20,1330.0,1400.0,1310.0,1340.0,1201.641968,112870
2009-04-21,1300.0,1365.0,1265.0,1365.0,1224.060547,228304
2009-04-22,1400.0,1565.0,1380.0,1430.0,1282.349243,654476
2009-04-23,1445.0,1495.0,1405.0,1435.0,1286.832764,225530
2009-04-24,1430.0,1435.0,1370.0,1375.0,1233.028076,179996
2009-04-27,1415.0,1560.0,1415.0,1525.0,1367.540161,353705
2009-04-28,1500.0,1540.0,1330.0,1440.0,1291.31665,222267
2009-04-29,1440.0,1495.0,1240.0,1450.0,1300.28418,174186
2009-04-30,1500.0,1645.0,1460.0,1630.0,1461.698608,646569
2009-05-04,1720.0,1750.0,1600.0,1600.0,1434.796265,358296
2009-05-06,1650.0,1650.0,1555.0,1595.0,1430.3125,167860
2009-05-07,1680.0,1680.0,1575.0,1575.0,1412.377686,92432
2009-05-08,1575.0,1600.0,1535.0,1590.0,1425.828857,93712
2009-05-11,1590.0,1670.0,1555.0,1575.0,1412.377686,75918
2009-05-12,1565.0,1620.0,1555.0,1610.0,1443.763794,120150
2009-05-13,1600.0,1645.0,1580.0,1580.0,1416.861206,122826
2009-05-14,1550.0,1575.0,1500.0,1510.0,1354.088989,149252
2009-05-15,1530.0,1580.0,1500.0,1505.0,1349.605225,70580
2009-05-18,1540.0,1550.0,1495.0,1525.0,1367.540161,84017
2009-05-19,1550.0,1560.0,1525.0,1535.0,1376.50769,75091
2009-05-20,1550.0,1685.0,1530.0,1650.0,1479.633667,298975
2009-05-21,1650.0,1745.0,1600.0,1645.0,1475.149902,585494
2009-05-22,1645.0,1665.0,1600.0,1600.0,1434.796265,211208
2009-05-25,1555.0,1600.0,1470.0,1540.0,1380.991333,140952
2009-05-26,1560.0,1590.0,1510.0,1555.0,1394.442749,79476
2009-05-27,1530.0,1600.0,1415.0,1570.0,1407.893921,83039
2009-05-28,1510.0,1540.0,1440.0,1480.0,1327.186523,43184
2009-05-29,1455.0,1510.0,1455.0,1495.0,1340.637695,22076
2009-06-01,1495.0,1510.0,1440.0,1495.0,1340.637695,85337
2009-06-02,1495.0,1505.0,1470.0,1500.0,1345.12146,86667
2009-06-03,1500.0,1725.0,1460.0,1725.0,1546.889648,447132
2009-06-04,1970.0,1980.0,1680.0,1680.0,1506.536133,1010311
2009-06-05,1800.0,1800.0,1630.0,1630.0,1461.698608,234967
2009-06-08,1630.0,1690.0,1620.0,1620.0,1452.731201,162372
2009-06-09,1610.0,1650.0,1520.0,1550.0,1389.958862,128596
2009-06-10,1545.0,1590.0,1520.0,1580.0,1416.861206,81293
2009-06-11,1580.0,1630.0,1550.0,1570.0,1407.893921,52310
2009-06-12,1595.0,1600.0,1540.0,1570.0,1407.893921,39721
2009-06-15,1570.0,1580.0,1530.0,1535.0,1376.50769,43644
2009-06-16,1525.0,1535.0,1465.0,1530.0,1372.023926,84968
2009-06-17,1520.0,1620.0,1500.0,1535.0,1376.50769,44667
2009-06-18,1560.0,1560.0,1490.0,1505.0,1349.605225,40698
2009-06-19,1550.0,1570.0,1475.0,1495.0,1340.637695,46905
2009-06-22,1450.0,1560.0,1450.0,1480.0,1327.186523,35029
2009-06-23,1450.0,1480.0,1410.0,1435.0,1286.832764,58845
2009-06-24,1425.0,1475.0,1420.0,1470.0,1318.219116,22808
2009-06-25,1450.0,1530.0,1450.0,1500.0,1345.12146,25940
2009-06-26,1530.0,1575.0,1515.0,1540.0,1380.991333,39090
2009-06-29,1540.0,1640.0,1540.0,1590.0,1425.828857,104477
2009-06-30,1695.0,1695.0,1590.0,1615.0,1448.247437,94880
2009-07-01,1600.0,1615.0,1560.0,1565.0,1403.410034,58783
2009-07-02,1550.0,1630.0,1550.0,1610.0,1443.763794,46858
2009-07-03,1550.0,1605.0,1550.0,1575.0,1412.377686,33534
2009-07-06,1595.0,1620.0,1550.0,1605.0,1439.280029,76211
2009-07-07,1630.0,1800.0,1585.0,1780.0,1596.210815,293757
2009-07-08,1765.0,1790.0,1695.0,1740.0,1560.340942,190729
2009-07-09,1765.0,1830.0,1745.0,1795.0,1609.661987,125150
2009-07-10,1780.0,1850.0,1720.0,1815.0,1627.597046,246631
2009-07-13,1815.0,1835.0,1720.0,1720.0,1542.406006,167168
2009-07-14,1760.0,1780.0,1700.0,1715.0,1537.922363,66225
2009-07-15,1750.0,1760.0,1705.0,1705.0,1528.954712,43213
2009-07-16,1745.0,1845.0,1720.0,1790.0,1605.178223,272181
2009-07-17,1795.0,2015.0,1790.0,1970.0,1766.592896,853614
2009-07-20,1995.0,2030.0,1910.0,1935.0,1735.206665,262589
2009-07-21,1970.0,1970.0,1895.0,1895.0,1699.336792,175474
2009-07-22,1920.0,1945.0,1890.0,1895.0,1699.336792,200581
2009-07-23,1890.0,1920.0,1860.0,1860.0,1667.950684,132289
2009-07-24,1865.0,1890.0,1800.0,1830.0,1641.048218,60161
2009-07-27,1835.0,1915.0,1800.0,1820.0,1632.080811,205314
2009-07-28,1820.0,1855.0,1770.0,1775.0,1591.727051,162562
2009-07-29,1775.0,1790.0,1660.0,1705.0,1528.954712,216438
2009-07-30,1685.0,1760.0,1685.0,1715.0,1537.922363,48246
2009-07-31,1730.0,1765.0,1705.0,1750.0,1569.308472,32264
2009-08-03,1785.0,1790.0,1720.0,1750.0,1569.308472,34109
2009-08-04,1780.0,1810.0,1755.0,1780.0,1596.210815,40051
2009-08-05,1795.0,1810.0,1750.0,1750.0,1569.308472,34987
2009-08-06,1795.0,1795.0,1700.0,1750.0,1569.308472,31315
2009-08-07,1705.0,1775.0,1685.0,1685.0,1511.019775,71578
2009-08-10,1690.0,1750.0,1650.0,1725.0,1546.889648,70914
2009-08-11,1720.0,1870.0,1720.0,1805.0,1618.629639,120726
2009-08-12,1845.0,1850.0,1750.0,1785.0,1600.694702,46679
2009-08-13,1810.0,1810.0,1700.0,1785.0,1600.694702,36226
2009-08-14,1830.0,1830.0,1740.0,1755.0,1573.792114,24946
2009-08-17,1755.0,1765.0,1650.0,1710.0,1533.438477,54041
2009-08-18,1670.0,1725.0,1595.0,1600.0,1434.796265,108099
2009-08-19,1620.0,1825.0,1605.0,1730.0,1551.373413,116782
2009-08-20,1705.0,1760.0,1700.0,1745.0,1564.824585,61811
2009-08-21,1775.0,1780.0,1665.0,1680.0,1506.536133,51151
2009-08-24,1720.0,1735.0,1620.0,1680.0,1506.536133,38704
2009-08-25,1625.0,1715.0,1605.0,1620.0,1452.731201,74854
2009-08-26,1690.0,1690.0,1580.0,1615.0,1448.247437,63907
2009-08-27,1605.0,1640.0,1600.0,1615.0,1448.247437,19905
2009-08-28,1610.0,1685.0,1610.0,1640.0,1470.666138,26290
2009-08-31,1650.0,1690.0,1650.0,1655.0,1484.117432,10077
2009-09-01,1735.0,1735.0,1635.0,1660.0,1488.601074,22592
2009-09-02,1650.0,1725.0,1600.0,1600.0,1434.796265,72159
2009-09-03,1715.0,1715.0,1635.0,1650.0,1479.633667,45663
2009-09-04,1685.0,1700.0,1630.0,1655.0,1484.117432,6574
2009-09-07,1695.0,1695.0,1635.0,1670.0,1497.568604,12818
2009-09-08,1740.0,1740.0,1650.0,1680.0,1506.536133,32536
2009-09-09,1685.0,1750.0,1655.0,1750.0,1569.308472,68089
2009-09-10,1785.0,1835.0,1760.0,1790.0,1605.178223,123601
2009-09-11,1800.0,1820.0,1770.0,1775.0,1591.727051,74109
2009-09-14,1765.0,1810.0,1720.0,1770.0,1587.243408,44380
2009-09-15,1790.0,1790.0,1715.0,1715.0,1537.922363,35951
2009-09-16,1750.0,1760.0,1690.0,1710.0,1533.438477,35852
2009-09-17,1750.0,1750.0,1685.0,1700.0,1524.471069,17767
2009-09-18,1735.0,1755.0,1675.0,1710.0,1533.438477,46036
2009-09-21,1750.0,1750.0,1685.0,1730.0,1551.373413,17493
2009-09-22,1700.0,1740.0,1700.0,1730.0,1551.373413,15662
2009-09-23,1745.0,1745.0,1670.0,1685.0,1511.019775,9264
2009-09-24,1715.0,1715.0,1655.0,1690.0,1515.50354,10651
2009-09-25,1690.0,1695.0,1645.0,1695.0,1519.987305,7080
2009-09-28,1720.0,1720.0,1640.0,1705.0,1528.954712,11997
2009-09-29,1735.0,1740.0,1610.0,1610.0,1443.763794,31709
2009-09-30,1610.0,1850.0,1460.0,1735.0,1555.8573,305346
2009-10-01,1670.0,1765.0,1650.0,1765.0,1582.759644,39338
2009-10-05,1740.0,1950.0,1685.0,1695.0,1519.987305,545476
2009-10-06,1720.0,1770.0,1640.0,1650.0,1479.633667,65283
2009-10-07,1690.0,1840.0,1640.0,1820.0,1632.080811,167934
2009-10-08,1820.0,1885.0,1770.0,1770.0,1587.243408,116478
2009-10-09,1790.0,1940.0,1790.0,1905.0,1708.304321,448258
2009-10-12,1900.0,1985.0,1870.0,1900.0,1703.820557,440398
2009-10-13,1900.0,1930.0,1865.0,1900.0,1703.820557,162941
2009-10-14,1900.0,2065.0,1870.0,1970.0,1766.592896,687217
2009-10-15,1950.0,2015.0,1860.0,1860.0,1667.950684,297163
2009-10-16,1890.0,1890.0,1755.0,1770.0,1587.243408,185487
2009-10-19,1750.0,1770.0,1715.0,1720.0,1542.406006,89777
2009-10-20,1735.0,1755.0,1580.0,1595.0,1430.3125,243599
2009-10-21,1625.0,1665.0,1545.0,1615.0,1448.247437,210474
2009-10-22,1615.0,1640.0,1575.0,1585.0,1421.345093,101841
2009-10-23,1590.0,1625.0,1530.0,1530.0,1372.023926,158993
2009-10-26,1510.0,1590.0,1500.0,1565.0,1403.410034,68724
2009-10-27,1550.0,1565.0,1515.0,1525.0,1367.540161,44716
2009-10-28,1525.0,1625.0,1390.0,1420.0,1273.381714,72857
2009-10-29,1390.0,1400.0,1315.0,1335.0,1197.158081,111667
2009-10-30,1345.0,1435.0,1345.0,1400.0,1255.446655,60021
2009-11-02,1415.0,1415.0,1335.0,1405.0,1259.930542,35358
2009-11-03,1415.0,1430.0,1400.0,1405.0,1259.930542,23696
2009-11-04,1445.0,1445.0,1400.0,1435.0,1286.832764,34187
2009-11-05,1390.0,1450.0,1390.0,1390.0,1246.479248,20231
2009-11-06,1455.0,1455.0,1365.0,1375.0,1233.028076,28680
2009-11-09,1370.0,1415.0,1365.0,1415.0,1268.897949,9940
2009-11-10,1450.0,1450.0,1370.0,1395.0,1250.963013,29476
2009-11-11,1430.0,1450.0,1380.0,1395.0,1250.963013,23159
2009-11-12,1395.0,1395.0,1320.0,1320.0,1183.706909,41504
2009-11-13,1350.0,1350.0,1210.0,1235.0,1107.483398,103557
2009-11-16,1235.0,1350.0,1205.0,1340.0,1201.641968,37929
2009-11-17,1370.0,1540.0,1250.0,1310.0,1174.73938,162395
2009-11-18,1370.0,1400.0,1300.0,1315.0,1179.223145,27114
2009-11-19,1325.0,1325.0,1240.0,1295.0,1161.288208,194554
2009-11-20,1280.0,1320.0,1280.0,1300.0,1165.771973,16185
2009-11-23,1285.0,1330.0,1265.0,1305.0,1170.255737,59196
2009-11-24,1280.0,1325.0,1275.0,1275.0,1143.353271,63198
2009-11-25,1320.0,1320.0,1240.0,1285.0,1152.320679,17492
2009-11-26,1270.0,1305.0,1200.0,1240.0,1111.967163,110428
2009-11-27,1235.0,1245.0,1150.0,1185.0,1062.645874,154447
2009-11-30,1160.0,1225.0,1160.0,1215.0,1089.548462,23643
2009-12-01,1195.0,1240.0,1180.0,1215.0,1089.548462,15255
2009-12-02,1235.0,1280.0,1215.0,1270.0,1138.869507,45709
2009-12-03,1310.0,1310.0,1250.0,1280.0,1147.837036,26931
2009-12-04,1295.0,1295.0,1270.0,1280.0,1147.837036,12167
2009-12-07,1260.0,1300.0,1260.0,1300.0,1165.771973,10223
2009-12-08,1280.0,1355.0,1270.0,1295.0,1161.288208,28135
2009-12-09,1260.0,1300.0,1260.0,1300.0,1165.771973,11411
2009-12-10,1300.0,1310.0,1260.0,1285.0,1152.320679,6635
2009-12-11,1295.0,1345.0,1270.0,1320.0,1183.706909,28337
2009-12-14,1300.0,1400.0,1300.0,1345.0,1206.12561,16360
2009-12-15,1435.0,1435.0,1305.0,1305.0,1170.255737,47283
2009-12-16,1310.0,1350.0,1310.0,1335.0,1197.158081,15723
2009-12-17,1335.0,1355.0,1310.0,1335.0,1197.158081,14466
2009-12-18,1310.0,1395.0,1310.0,1330.0,1192.674316,17339
2009-12-21,1340.0,1375.0,1295.0,1365.0,1224.060547,74642
2009-12-22,1380.0,1385.0,1340.0,1365.0,1224.060547,47300
2009-12-23,1340.0,1370.0,1340.0,1355.0,1215.09314,28693
2009-12-24,1345.0,1365.0,1325.0,1360.0,1219.576904,45273
2009-12-28,1360.0,1420.0,1360.0,1380.0,1237.511719,86513
2009-12-29,1395.0,1410.0,1275.0,1390.0,1246.479248,19499
2009-12-30,1390.0,1400.0,1305.0,1395.0,1250.963013,13735
2010-01-04,1395.0,1415.0,1370.0,1395.0,1250.963013,16956
2010-01-05,1415.0,1415.0,1365.0,1410.0,1264.414185,154417
2010-01-06,1400.0,1440.0,1400.0,1435.0,1286.832764,63734
2010-01-07,1405.0,1530.0,1405.0,1475.0,1322.702759,216177
2010-01-08,1525.0,1550.0,1500.0,1520.0,1363.056519,87293
2010-01-11,1545.0,1575.0,1515.0,1530.0,1372.023926,262244
2010-01-12,1540.0,1545.0,1510.0,1520.0,1363.056519,71731
2010-01-13,1500.0,1525.0,1420.0,1490.0,1336.154053,80619
2010-01-14,1510.0,1520.0,1480.0,1510.0,1354.088989,37489
2010-01-15,1465.0,1495.0,1440.0,1465.0,1313.735352,59143
2010-01-18,1470.0,1535.0,1465.0,1530.0,1372.023926,121759
2010-01-19,1510.0,1560.0,1510.0,1530.0,1372.023926,102588
2010-01-20,1510.0,1535.0,1480.0,1490.0,1336.154053,47770
2010-01-21,1470.0,1530.0,1470.0,1500.0,1345.12146,41960
2010-01-22,1500.0,1535.0,1460.0,1480.0,1327.186523,54107
2010-01-25,1460.0,1520.0,1460.0,1500.0,1345.12146,43124
2010-01-26,1440.0,1510.0,1420.0,1420.0,1273.381714,51503
2010-01-27,1455.0,1470.0,1400.0,1405.0,1259.930542,68161
2010-01-28,1400.0,1460.0,1390.0,1395.0,1250.963013,19041
2010-01-29,1340.0,1415.0,1310.0,1345.0,1206.12561,35093
2010-02-01,1240.0,1370.0,1240.0,1355.0,1215.09314,23411
2010-02-02,1330.0,1395.0,1330.0,1395.0,1250.963013,14140
2010-02-03,1400.0,1410.0,1390.0,1410.0,1264.414185,7335
2010-02-04,1400.0,1445.0,1400.0,1435.0,1286.832764,26907
2010-02-05,1385.0,1430.0,1350.0,1415.0,1268.897949,14964
2010-02-08,1340.0,1440.0,1340.0,1370.0,1228.544189,2395
2010-02-09,1360.0,1420.0,1330.0,1390.0,1246.479248,24233
2010-02-10,1380.0,1480.0,1380.0,1450.0,1300.28418,47590
2010-02-11,1470.0,1520.0,1410.0,1515.0,1358.572632,66972
2010-02-12,1515.0,1525.0,1470.0,1470.0,1318.219116,50101
2010-02-16,1520.0,1520.0,1470.0,1485.0,1331.670288,28327
2010-02-17,1495.0,1520.0,1480.0,1480.0,1327.186523,49480
2010-02-18,1485.0,1540.0,1460.0,1520.0,1363.056519,63094
2010-02-19,1530.0,1530.0,1340.0,1510.0,1354.088989,39728
2010-02-22,1500.0,1510.0,1440.0,1440.0,1291.31665,87728
2010-02-23,1430.0,1490.0,1425.0,1455.0,1304.767822,36569
2010-02-24,1430.0,1440.0,1390.0,1390.0,1246.479248,128220
2010-02-25,1390.0,1425.0,1360.0,1390.0,1246.479248,35085
2010-02-26,1380.0,1400.0,1345.0,1380.0,1237.511719,28050
2010-03-02,1350.0,1430.0,1350.0,1405.0,1259.930542,27881
2010-03-03,1425.0,1425.0,1350.0,1415.0,1268.897949,10121
2010-03-04,1370.0,1420.0,1370.0,1375.0,1233.028076,3754
2010-03-05,1345.0,1410.0,1345.0,1405.0,1259.930542,24963
2010-03-08,1415.0,1415.0,1360.0,1405.0,1259.930542,5922
2010-03-09,1380.0,1405.0,1350.0,1370.0,1228.544189,64833
2010-03-10,1370.0,1405.0,1370.0,1400.0,1255.446655,18519
2010-03-11,1405.0,1420.0,1360.0,1410.0,1264.414185,26524
2010-03-12,1420.0,1420.0,1370.0,1400.0,1255.446655,14571
2010-03-15,1420.0,1420.0,1370.0,1370.0,1228.544189,14466
2010-03-16,1380.0,1450.0,1380.0,1450.0,1300.28418,45895
2010-03-17,1465.0,1465.0,1410.0,1410.0,1264.414185,18191
2010-03-18,1445.0,1445.0,1380.0,1425.0,1277.865479,23595
2010-03-19,1440.0,1495.0,1415.0,1425.0,1277.865479,56454
2010-03-22,1460.0,1460.0,1420.0,1420.0,1273.381714,23134
2010-03-23,1445.0,1550.0,1415.0,1430.0,1282.349243,116464
2010-03-24,1550.0,1550.0,1430.0,1450.0,1300.28418,37229
2010-03-25,1430.0,1520.0,1420.0,1480.0,1327.186523,22152
2010-03-26,1515.0,1535.0,1460.0,1480.0,1327.186523,34256
2010-03-29,1500.0,1620.0,1500.0,1530.0,1372.023926,95086
2010-03-30,1605.0,1605.0,1480.0,1525.0,1367.540161,66281
2010-03-31,1560.0,1575.0,1510.0,1510.0,1354.088989,19553
2010-04-01,1560.0,1560.0,1450.0,1520.0,1363.056519,10424
2010-04-02,1520.0,1560.0,1500.0,1525.0,1367.540161,12820
2010-04-05,1550.0,1560.0,1370.0,1455.0,1304.767822,33234
2010-04-06,1450.0,1490.0,1400.0,1420.0,1273.381714,26263
2010-04-07,1415.0,1450.0,1405.0,1445.0,1295.800415,26989
2010-04-08,1445.0,1490.0,1430.0,1490.0,1336.154053,12606
2010-04-09,1490.0,1690.0,1485.0,1510.0,1354.088989,40202
2010-04-12,1530.0,1575.0,1480.0,1500.0,1345.12146,16036
2010-04-13,1580.0,1580.0,1465.0,1475.0,1322.702759,18003
2010-04-14,1515.0,1530.0,1480.0,1525.0,1367.540161,58460
2010-04-15,1550.0,1590.0,1540.0,1575.0,1412.377686,87543
2010-04-16,1605.0,1605.0,1530.0,1550.0,1389.958862,27884
2010-04-19,1550.0,1590.0,1500.0,1500.0,1345.12146,20799
2010-04-20,1500.0,1545.0,1470.0,1515.0,1358.572632,28131
2010-04-21,1540.0,1545.0,1500.0,1540.0,1380.991333,54755
2010-04-22,1540.0,1555.0,1500.0,1500.0,1345.12146,21569
2010-04-23,1530.0,1530.0,1495.0,1505.0,1349.605225,33395
2010-04-26,1505.0,1565.0,1500.0,1520.0,1363.056519,36532
2010-04-27,1520.0,1540.0,1490.0,1520.0,1363.056519,22708
2010-04-28,1520.0,1670.0,1465.0,1540.0,1380.991333,80863
2010-04-29,1560.0,1620.0,1540.0,1590.0,1425.828857,73026
2010-04-30,1590.0,1650.0,1550.0,1590.0,1425.828857,69625
2010-05-03,1595.0,1745.0,1590.0,1620.0,1452.731201,196314
2010-05-04,1650.0,1680.0,1560.0,1560.0,1398.92627,105224
2010-05-06,1500.0,1540.0,1495.0,1495.0,1340.637695,83445
2010-05-07,1440.0,1455.0,1400.0,1435.0,1286.832764,45012
2010-05-10,1400.0,1475.0,1400.0,1465.0,1313.735352,30526
2010-05-11,1480.0,1490.0,1455.0,1475.0,1322.702759,16689
2010-05-12,1475.0,1500.0,1435.0,1450.0,1300.28418,20055
2010-05-13,1455.0,1500.0,1445.0,1470.0,1318.219116,34164
2010-05-14,1475.0,1500.0,1440.0,1465.0,1313.735352,15803
2010-05-17,1465.0,1500.0,1405.0,1410.0,1264.414185,31409
2010-05-18,1415.0,1620.0,1410.0,1620.0,1452.731201,435402
2010-05-19,1620.0,1645.0,1515.0,1520.0,1363.056519,166956
2010-05-20,1520.0,1720.0,1410.0,1530.0,1372.023926,312691
2010-05-24,1565.0,1565.0,1485.0,1490.0,1336.154053,71955
2010-05-25,1460.0,1465.0,1320.0,1450.0,1300.28418,102664
2010-05-26,1540.0,1540.0,1420.0,1450.0,1300.28418,38313
2010-05-27,1450.0,1530.0,1420.0,1470.0,1318.219116,54520
2010-05-28,1460.0,1545.0,1460.0,1495.0,1340.637695,37417
2010-05-31,1525.0,1550.0,1500.0,1510.0,1354.088989,39221
2010-06-01,1520.0,1590.0,1520.0,1580.0,1416.861206,99470
2010-06-03,1560.0,1640.0,1545.0,1560.0,1398.92627,60983
2010-06-04,1630.0,1650.0,1575.0,1615.0,1448.247437,64464
2010-06-07,1580.0,1580.0,1495.0,1495.0,1340.637695,91043
2010-06-08,1475.0,1585.0,1475.0,1525.0,1367.540161,28490
2010-06-09,1515.0,1605.0,1515.0,1530.0,1372.023926,46708
2010-06-10,1580.0,1580.0,1515.0,1560.0,1398.92627,29959
2010-06-11,1590.0,1605.0,1515.0,1605.0,1439.280029,112587
2010-06-14,1715.0,1720.0,1610.0,1610.0,1443.763794,298914
2010-06-15,1580.0,1675.0,1565.0,1575.0,1412.377686,103500
2010-06-16,1585.0,1620.0,1575.0,1575.0,1412.377686,30980
2010-06-17,1580.0,1665.0,1580.0,1615.0,1448.247437,54051
2010-06-18,1645.0,1645.0,1585.0,1635.0,1466.182495,45979
2010-06-21,1650.0,1670.0,1620.0,1620.0,1452.731201,66545
2010-06-22,1620.0,1645.0,1555.0,1590.0,1425.828857,76774
2010-06-23,1550.0,1615.0,1550.0,1570.0,1407.893921,17378
2010-06-24,1550.0,1585.0,1525.0,1545.0,1385.475098,48805
2010-06-25,1515.0,1580.0,1515.0,1570.0,1407.893921,14836
2010-06-28,1570.0,1610.0,1545.0,1560.0,1398.92627,40244
2010-06-29,1560.0,1590.0,1470.0,1530.0,1372.023926,45413
2010-06-30,1510.0,1530.0,1410.0,1525.0,1367.540161,43337
2010-07-01,1515.0,1525.0,1460.0,1505.0,1349.605225,11120
2010-07-02,1535.0,1535.0,1460.0,1490.0,1336.154053,35276
2010-07-05,1500.0,1500.0,1460.0,1465.0,1313.735352,24856
2010-07-06,1490.0,1495.0,1425.0,1490.0,1336.154053,31843
2010-07-07,1470.0,1515.0,1470.0,1495.0,1340.637695,12915
2010-07-08,1520.0,1520.0,1455.0,1490.0,1336.154053,16604
2010-07-09,1500.0,1530.0,1475.0,1500.0,1345.12146,45696
2010-07-12,1500.0,1545.0,1475.0,1505.0,1349.605225,6074
2010-07-13,1530.0,1530.0,1470.0,1505.0,1349.605225,47006
2010-07-14,1495.0,1535.0,1480.0,1505.0,1349.605225,27061
2010-07-15,1530.0,1610.0,1490.0,1520.0,1363.056519,204402
2010-07-16,1560.0,1560.0,1500.0,1530.0,1372.023926,39930
2010-07-19,1510.0,1560.0,1460.0,1500.0,1345.12146,16339
2010-07-20,1500.0,1530.0,1475.0,1530.0,1372.023926,20708
2010-07-21,1530.0,1570.0,1500.0,1555.0,1394.442749,31125
2010-07-22,1570.0,1640.0,1550.0,1560.0,1398.92627,146908
2010-07-23,1610.0,1610.0,1460.0,1585.0,1421.345093,42439
2010-07-26,1580.0,1610.0,1530.0,1585.0,1421.345093,27251
2010-07-27,1585.0,1590.0,1555.0,1555.0,1394.442749,15117
2010-07-28,1570.0,1600.0,1545.0,1570.0,1407.893921,39120
2010-07-29,1575.0,1620.0,1550.0,1595.0,1430.3125,43372
2010-07-30,1620.0,1690.0,1610.0,1610.0,1443.763794,102508
2010-08-02,1610.0,1635.0,1555.0,1625.0,1457.214966,42909
2010-08-03,1600.0,1635.0,1540.0,1570.0,1407.893921,24719
2010-08-04,1590.0,1615.0,1530.0,1595.0,1430.3125,48711
2010-08-05,1630.0,1830.0,1585.0,1830.0,1641.048218,493789
2010-08-06,1970.0,2060.0,1845.0,2035.0,1824.881592,1967089
2010-08-09,2235.0,2340.0,2200.0,2340.0,2098.389404,2707420
2010-08-10,2260.0,2270.0,1990.0,1990.0,1784.527832,2814481
2010-08-11,1940.0,2120.0,1860.0,2015.0,1806.946533,1963807
2010-08-12,1910.0,2055.0,1730.0,1795.0,1609.661987,1195850
2010-08-13,1820.0,1865.0,1760.0,1820.0,1632.080811,663214
2010-08-16,1805.0,1875.0,1650.0,1695.0,1519.987305,997795
2010-08-17,1705.0,1725.0,1630.0,1655.0,1484.117432,508823
2010-08-18,1675.0,1740.0,1670.0,1695.0,1519.987305,567122
2010-08-19,1700.0,1730.0,1665.0,1700.0,1524.471069,265333
2010-08-20,1700.0,1730.0,1685.0,1700.0,1524.471069,178294
2010-08-23,1720.0,1740.0,1600.0,1600.0,1434.796265,288004
2010-08-24,1630.0,1650.0,1595.0,1605.0,1439.280029,139063
2010-08-25,1575.0,1660.0,1565.0,1615.0,1448.247437,154117
2010-08-26,1625.0,1645.0,1540.0,1545.0,1385.475098,140324
2010-08-27,1545.0,1575.0,1460.0,1490.0,1336.154053,209268
2010-08-30,1490.0,1525.0,1470.0,1500.0,1345.12146,125206
2010-08-31,1500.0,1525.0,1460.0,1470.0,1318.219116,93985
2010-09-01,1500.0,1520.0,1465.0,1465.0,1313.735352,79537
2010-09-02,1520.0,1550.0,1465.0,1475.0,1322.702759,112165
2010-09-03,1485.0,1520.0,1455.0,1470.0,1318.219116,108026
2010-09-06,1495.0,1495.0,1440.0,1450.0,1300.28418,108614
2010-09-07,1480.0,1480.0,1435.0,1440.0,1291.31665,79376
2010-09-08,1440.0,1470.0,1400.0,1410.0,1264.414185,125136
2010-09-09,1415.0,1470.0,1405.0,1425.0,1277.865479,87742
2010-09-10,1425.0,1490.0,1425.0,1465.0,1313.735352,74981
2010-09-13,1490.0,1490.0,1440.0,1470.0,1318.219116,65074
2010-09-14,1485.0,1485.0,1450.0,1450.0,1300.28418,26229
2010-09-15,1440.0,1470.0,1420.0,1435.0,1286.832764,39340
2010-09-16,1430.0,1450.0,1400.0,1410.0,1264.414185,39233
2010-09-17,1425.0,1435.0,1385.0,1430.0,1282.349243,88190
2010-09-20,1410.0,1440.0,1390.0,1390.0,1246.479248,38126
2010-09-24,1420.0,1435.0,1365.0,1385.0,1241.995483,80895
2010-09-27,1385.0,1410.0,1370.0,1400.0,1255.446655,74540
2010-09-28,1405.0,1420.0,1385.0,1400.0,1255.446655,36038
2010-09-29,1415.0,1430.0,1400.0,1415.0,1268.897949,18253
2010-09-30,1405.0,1480.0,1405.0,1465.0,1313.735352,64023
2010-10-01,1460.0,1470.0,1430.0,1450.0,1300.28418,48526
2010-10-04,1470.0,1470.0,1435.0,1450.0,1300.28418,39475
2010-10-05,1435.0,1450.0,1400.0,1415.0,1268.897949,99414
2010-10-06,1430.0,1435.0,1415.0,1420.0,1273.381714,56929
2010-10-07,1420.0,1430.0,1400.0,1410.0,1264.414185,76311
2010-10-08,1425.0,1440.0,1405.0,1420.0,1273.381714,42378
2010-10-11,1420.0,1420.0,1405.0,1415.0,1268.897949,34571
2010-10-12,1415.0,1415.0,1385.0,1400.0,1255.446655,28202
2010-10-13,1410.0,1415.0,1380.0,1410.0,1264.414185,52672
2010-10-14,1430.0,1445.0,1405.0,1435.0,1286.832764,100537
2010-10-15,1440.0,1455.0,1435.0,1440.0,1291.31665,68039
2010-10-18,1445.0,1485.0,1445.0,1455.0,1304.767822,63721
2010-10-19,1455.0,1520.0,1455.0,1495.0,1340.637695,107335
2010-10-20,1490.0,1500.0,1470.0,1480.0,1327.186523,45340
2010-10-21,1495.0,1515.0,1480.0,1485.0,1331.670288,80657
2010-10-22,1480.0,1500.0,1455.0,1495.0,1340.637695,44781
2010-10-25,1505.0,1505.0,1480.0,1495.0,1340.637695,58560
2010-10-26,1495.0,1500.0,1465.0,1490.0,1336.154053,31649
2010-10-27,1480.0,1500.0,1465.0,1485.0,1331.670288,90774
2010-10-28,1490.0,1490.0,1460.0,1480.0,1327.186523,27627
2010-10-29,1485.0,1490.0,1460.0,1470.0,1318.219116,98992
2010-11-01,1470.0,1540.0,1465.0,1500.0,1345.12146,90250
2010-11-02,1500.0,1570.0,1495.0,1570.0,1407.893921,147347
2010-11-03,1590.0,1665.0,1555.0,1595.0,1430.3125,502410
2010-11-04,1620.0,1630.0,1590.0,1615.0,1448.247437,140213
2010-11-05,1620.0,1675.0,1555.0,1575.0,1412.377686,184635
2010-11-08,1590.0,1590.0,1545.0,1560.0,1398.92627,42477
2010-11-09,1565.0,1570.0,1510.0,1540.0,1380.991333,56998
2010-11-10,1660.0,1670.0,1555.0,1600.0,1434.796265,184896
2010-11-11,1615.0,1670.0,1500.0,1500.0,1345.12146,297967
2010-11-12,1520.0,1530.0,1460.0,1495.0,1340.637695,135536
2010-11-15,1495.0,1530.0,1480.0,1485.0,1331.670288,63051
2010-11-16,1500.0,1520.0,1480.0,1485.0,1331.670288,40020
2010-11-17,1495.0,1550.0,1445.0,1550.0,1389.958862,58136
2010-11-18,1550.0,1610.0,1550.0,1550.0,1389.958862,105996
2010-11-19,1560.0,1560.0,1510.0,1530.0,1372.023926,63178
2010-11-22,1545.0,1550.0,1495.0,1500.0,1345.12146,71108
2010-11-23,1500.0,1520.0,1480.0,1510.0,1354.088989,84654
2010-11-24,1410.0,1500.0,1395.0,1475.0,1322.702759,135091
2010-11-25,1475.0,1550.0,1475.0,1525.0,1367.540161,78141
2010-11-26,1545.0,1545.0,1485.0,1495.0,1340.637695,146181
2010-11-29,1500.0,1600.0,1495.0,1600.0,1434.796265,156281
2010-11-30,1600.0,1655.0,1575.0,1625.0,1457.214966,253238
2010-12-01,1615.0,1670.0,1580.0,1640.0,1470.666138,428100
2010-12-02,1660.0,1670.0,1575.0,1585.0,1421.345093,178579
2010-12-03,1585.0,1615.0,1565.0,1600.0,1434.796265,80868
2010-12-06,1630.0,1630.0,1540.0,1590.0,1425.828857,78322
2010-12-07,1565.0,1600.0,1540.0,1545.0,1385.475098,189111
2010-12-08,1550.0,1600.0,1550.0,1575.0,1412.377686,87673
2010-12-09,1575.0,1620.0,1560.0,1620.0,1452.731201,109920
2010-12-10,1615.0,1855.0,1610.0,1830.0,1641.048218,1418551
2010-12-13,1780.0,1820.0,1750.0,1815.0,1627.597046,399598
2010-12-14,1825.0,1910.0,1760.0,1870.0,1676.918091,665752
2010-12-15,1850.0,1950.0,1830.0,1925.0,1726.239258,526120
2010-12-16,1955.0,1955.0,1700.0,1800.0,1614.145874,272444
2010-12-17,1810.0,1850.0,1750.0,1760.0,1578.275879,160334
2010-12-20,1705.0,1730.0,1645.0,1670.0,1497.568604,179339
2010-12-21,1700.0,1760.0,1700.0,1715.0,1537.922363,123250
2010-12-22,1720.0,1840.0,1720.0,1805.0,1618.629639,181786
2010-12-23,1840.0,1885.0,1765.0,1780.0,1596.210815,61846
2010-12-24,1795.0,1795.0,1740.0,1775.0,1591.727051,63882
2010-12-27,1815.0,1840.0,1725.0,1790.0,1605.178223,103504
2010-12-28,1790.0,1790.0,1655.0,1670.0,1497.568604,276711
2010-12-29,1675.0,1700.0,1615.0,1665.0,1588.185913,101567
2010-12-30,1665.0,1730.0,1640.0,1685.0,1607.263184,49103
2011-01-03,1800.0,1800.0,1730.0,1755.0,1674.033813,69397
2011-01-04,1780.0,1790.0,1730.0,1765.0,1683.572388,73281
2011-01-05,1765.0,1775.0,1685.0,1715.0,1635.879028,90469
2011-01-06,1710.0,1755.0,1660.0,1660.0,1583.416504,67744
2011-01-07,1690.0,1690.0,1590.0,1620.0,1545.261963,121916
2011-01-10,1640.0,1735.0,1635.0,1700.0,1621.571167,61850
2011-01-11,1725.0,1745.0,1675.0,1715.0,1635.879028,47027
2011-01-12,1715.0,1750.0,1700.0,1720.0,1640.648438,48195
2011-01-13,1700.0,1725.0,1680.0,1700.0,1621.571167,24642
2011-01-14,1700.0,1745.0,1680.0,1695.0,1616.801758,55277
2011-01-17,1705.0,1735.0,1690.0,1690.0,1612.032471,50819
2011-01-18,1730.0,1735.0,1660.0,1680.0,1602.493774,8754
2011-01-19,1690.0,1745.0,1690.0,1690.0,1612.032471,70832
2011-01-20,1730.0,1740.0,1665.0,1680.0,1602.493774,60182
2011-01-21,1670.0,1700.0,1635.0,1635.0,1559.569824,130816
2011-01-24,1635.0,1695.0,1630.0,1665.0,1588.185913,13746
2011-01-25,1700.0,1700.0,1640.0,1665.0,1588.185913,47502
2011-01-26,1665.0,1700.0,1630.0,1660.0,1583.416504,40915
2011-01-27,1645.0,1710.0,1640.0,1710.0,1631.109863,150712
2011-01-28,1760.0,1850.0,1670.0,1670.0,1592.955078,264372
2011-01-31,1670.0,1705.0,1645.0,1665.0,1588.185913,46362
2011-02-01,1660.0,1675.0,1635.0,1640.0,1564.339233,51943
2011-02-07,1680.0,1690.0,1615.0,1635.0,1559.569824,48549
2011-02-08,1635.0,1665.0,1610.0,1650.0,1573.877808,21840
2011-02-09,1665.0,1665.0,1615.0,1620.0,1545.261963,10835
2011-02-10,1645.0,1645.0,1575.0,1575.0,1502.338013,18355
2011-02-11,1600.0,1640.0,1505.0,1505.0,1435.567383,41583
2011-02-14,1510.0,1615.0,1510.0,1530.0,1459.414063,23949
2011-02-15,1535.0,1600.0,1535.0,1575.0,1502.338013,10982
2011-02-16,1595.0,1600.0,1560.0,1600.0,1526.184692,19076
2011-02-17,1645.0,1645.0,1510.0,1575.0,1502.338013,11537
2011-02-18,1575.0,1610.0,1540.0,1560.0,1488.029907,29329
2011-02-21,1540.0,1610.0,1520.0,1540.0,1468.952637,22755
2011-02-22,1520.0,1560.0,1480.0,1485.0,1416.490112,16698
2011-02-23,1475.0,1525.0,1415.0,1440.0,1373.566162,46421
2011-02-24,1450.0,1500.0,1415.0,1500.0,1430.797974,39975
2011-02-25,1555.0,1555.0,1430.0,1460.0,1392.643433,46526
2011-02-28,1460.0,1525.0,1420.0,1450.0,1383.104858,17723
2011-03-02,1450.0,1460.0,1410.0,1450.0,1383.104858,24860
2011-03-03,1425.0,1470.0,1410.0,1455.0,1387.874023,39059
2011-03-04,1460.0,1465.0,1400.0,1435.0,1368.796753,46994
2011-03-07,1435.0,1480.0,1395.0,1425.0,1359.258179,33134
2011-03-08,1440.0,1635.0,1395.0,1635.0,1559.569824,604837
2011-03-09,1700.0,1820.0,1600.0,1600.0,1526.184692,605683
2011-03-10,1630.0,1630.0,1535.0,1535.0,1464.18335,160448
2011-03-11,1535.0,1595.0,1505.0,1590.0,1516.645874,99546
2011-03-14,1595.0,1595.0,1520.0,1550.0,1478.491333,90253
2011-03-15,1530.0,1595.0,1415.0,1550.0,1478.491333,81778
2011-03-16,1485.0,1580.0,1455.0,1470.0,1402.182129,87243
2011-03-17,1445.0,1495.0,1415.0,1465.0,1397.412842,31066
2011-03-18,1445.0,1495.0,1445.0,1475.0,1406.951416,58479
2011-03-21,1485.0,1565.0,1460.0,1540.0,1468.952637,39784
2011-03-22,1580.0,1580.0,1475.0,1475.0,1406.951416,35154
2011-03-23,1525.0,1595.0,1490.0,1560.0,1488.029907,54901
2011-03-24,1580.0,1580.0,1520.0,1560.0,1488.029907,75982
2011-03-25,1640.0,1640.0,1550.0,1560.0,1488.029907,47249
2011-03-28,1560.0,1575.0,1515.0,1520.0,1449.875366,57708
2011-03-29,1520.0,1580.0,1490.0,1570.0,1497.568604,104658
2011-03-30,1590.0,1670.0,1555.0,1600.0,1526.184692,110515
2011-03-31,1620.0,1645.0,1590.0,1590.0,1516.645874,26211
2011-04-01,1595.0,1670.0,1590.0,1660.0,1583.416504,50547
2011-04-04,1695.0,1760.0,1660.0,1670.0,1592.955078,115777
2011-04-05,1695.0,1795.0,1635.0,1750.0,1669.264404,193650
2011-04-06,1760.0,2010.0,1725.0,2010.0,1917.269409,688900
2011-04-07,2115.0,2250.0,2060.0,2185.0,2084.195801,1133817
2011-04-08,2240.0,2270.0,1965.0,1970.0,1879.114868,850701
2011-04-11,1950.0,2195.0,1940.0,2050.0,1955.42395,599776
2011-04-12,1985.0,2045.0,1830.0,1845.0,1759.881592,300391
2011-04-13,1845.0,1875.0,1760.0,1855.0,1769.420288,182860
2011-04-14,1860.0,2000.0,1805.0,1945.0,1855.268188,191214
2011-04-15,1875.0,1935.0,1835.0,1880.0,1793.266968,119339
2011-04-18,1890.0,1995.0,1820.0,1900.0,1812.344238,107614
2011-04-19,1900.0,1900.0,1775.0,1790.0,1707.419067,132637
2011-04-20,1800.0,1840.0,1765.0,1795.0,1712.188354,161849
2011-04-21,1815.0,1890.0,1780.0,1780.0,1697.880249,158373
2011-04-22,1755.0,1855.0,1755.0,1770.0,1688.341675,83623
2011-04-25,1780.0,1830.0,1760.0,1770.0,1688.341675,35802
2011-04-26,1770.0,1815.0,1700.0,1740.0,1659.725708,76959
2011-04-27,1740.0,1800.0,1650.0,1670.0,1592.955078,108735
2011-04-28,1670.0,1700.0,1625.0,1685.0,1607.263184,44789
2011-04-29,1660.0,1695.0,1635.0,1655.0,1578.647217,35647
2011-05-02,1665.0,1700.0,1655.0,1680.0,1602.493774,13425
2011-05-03,1700.0,1705.0,1675.0,1675.0,1597.724487,51110
2011-05-04,1700.0,1785.0,1695.0,1750.0,1669.264404,30904
2011-05-06,1750.0,1755.0,1675.0,1680.0,1602.493774,40686
2011-05-09,1660.0,1785.0,1660.0,1720.0,1640.648438,54268
2011-05-11,1790.0,1790.0,1695.0,1720.0,1640.648438,31518
2011-05-12,1730.0,1730.0,1665.0,1715.0,1635.879028,74557
2011-05-13,1740.0,1740.0,1660.0,1670.0,1592.955078,39621
2011-05-16,1610.0,1685.0,1610.0,1680.0,1602.493774,41893
2011-05-17,1650.0,1715.0,1650.0,1670.0,1592.955078,30054
2011-05-18,1645.0,1695.0,1620.0,1625.0,1550.03125,78571
2011-05-19,1630.0,1685.0,1590.0,1590.0,1516.645874,76320
2011-05-20,1585.0,1590.0,1550.0,1580.0,1507.1073,129524
2011-05-23,1580.0,1595.0,1425.0,1550.0,1478.491333,92055
2011-05-24,1615.0,1650.0,1530.0,1550.0,1478.491333,113014
2011-05-25,1715.0,1780.0,1715.0,1780.0,1697.880249,231305
2011-05-26,1785.0,1840.0,1520.0,1705.0,1626.340454,332595
2011-05-27,1705.0,1835.0,1690.0,1760.0,1678.802979,158902
2011-05-30,1950.0,2020.0,1930.0,2020.0,1926.807983,1386301
2011-05-31,2030.0,2070.0,1865.0,1945.0,1855.268188,654351
2011-06-01,1910.0,1940.0,1795.0,1835.0,1750.343018,294446
2011-06-02,1775.0,1815.0,1755.0,1805.0,1721.726929,176701
2011-06-03,1805.0,1890.0,1745.0,1745.0,1664.495117,148322
2011-06-07,1745.0,1775.0,1645.0,1670.0,1592.955078,191792
2011-06-08,1690.0,1730.0,1600.0,1665.0,1588.185913,100731
2011-06-09,1630.0,1745.0,1630.0,1670.0,1592.955078,82220
2011-06-10,1670.0,1745.0,1650.0,1745.0,1664.495117,44933
2011-06-13,1745.0,1800.0,1660.0,1690.0,1612.032471,50310
2011-06-14,1695.0,1725.0,1655.0,1675.0,1597.724487,39531
2011-06-15,1675.0,1740.0,1665.0,1705.0,1626.340454,32653
2011-06-16,1700.0,1820.0,1690.0,1790.0,1707.419067,99760
2011-06-17,1790.0,1840.0,1750.0,1810.0,1726.496338,65126
2011-06-20,1800.0,1905.0,1720.0,1780.0,1697.880249,99006
2011-06-21,1760.0,1840.0,1755.0,1770.0,1688.341675,34199
2011-06-22,1770.0,1820.0,1710.0,1800.0,1716.957642,88306
2011-06-23,1800.0,1845.0,1775.0,1805.0,1721.726929,41423
2011-06-24,1845.0,1845.0,1780.0,1805.0,1721.726929,34215
2011-06-27,1800.0,1845.0,1780.0,1840.0,1755.112305,78218
2011-06-28,1840.0,1900.0,1800.0,1865.0,1778.958862,76823
2011-06-29,1870.0,1935.0,1820.0,1840.0,1755.112305,58239
2011-06-30,1845.0,1865.0,1800.0,1825.0,1740.804199,17086
2011-07-01,1835.0,1850.0,1770.0,1845.0,1759.881592,18525
2011-07-04,1885.0,1885.0,1805.0,1840.0,1755.112305,42223
2011-07-05,1840.0,1840.0,1790.0,1835.0,1750.343018,82307
2011-07-06,1860.0,1860.0,1785.0,1815.0,1731.265625,26379
2011-07-07,1790.0,1835.0,1780.0,1830.0,1745.573608,55990
2011-07-08,1820.0,1840.0,1800.0,1840.0,1755.112305,17058
2011-07-11,1930.0,1930.0,1830.0,1850.0,1764.650879,94363
2011-07-12,1880.0,1880.0,1770.0,1775.0,1693.111084,75222
2011-07-13,1775.0,1810.0,1750.0,1795.0,1712.188354,37720
2011-07-14,1765.0,1820.0,1765.0,1790.0,1707.419067,14016
2011-07-15,1800.0,1800.0,1740.0,1790.0,1707.419067,42614
2011-07-18,1830.0,1830.0,1725.0,1750.0,1669.264404,70646
2011-07-19,1725.0,1755.0,1710.0,1745.0,1664.495117,73083
2011-07-20,1765.0,1795.0,1740.0,1760.0,1678.802979,50014
2011-07-21,1760.0,1820.0,1735.0,1735.0,1654.956299,65861
2011-07-22,1760.0,1760.0,1710.0,1735.0,1654.956299,90486
2011-07-25,1800.0,1995.0,1800.0,1995.0,1902.961426,895911
2011-07-26,2075.0,2080.0,1915.0,2015.0,1922.038818,953188
2011-07-27,2010.0,2045.0,1940.0,2010.0,1917.269409,415028
2011-07-28,2000.0,2070.0,1945.0,1945.0,1855.268188,271636
2011-07-29,1995.0,2075.0,1900.0,1925.0,1836.190918,375176
2011-08-01,1925.0,1950.0,1850.0,1900.0,1812.344238,213870
2011-08-02,1915.0,2140.0,1880.0,2110.0,2012.655884,723524
2011-08-03,2045.0,2140.0,2010.0,2065.0,1969.731934,230286
2011-08-04,2070.0,2230.0,1760.0,1760.0,1678.802979,757428
2011-08-05,1520.0,1675.0,1500.0,1515.0,1445.106079,730555
2011-08-08,1500.0,1575.0,1290.0,1345.0,1282.948853,349516
2011-08-09,1220.0,1340.0,1145.0,1245.0,1187.562378,334895
2011-08-10,1285.0,1370.0,1275.0,1295.0,1235.255737,277832
2011-08-11,1195.0,1440.0,1195.0,1395.0,1330.642212,203561
2011-08-12,1430.0,1515.0,1375.0,1395.0,1330.642212,239805
2011-08-16,1450.0,1530.0,1420.0,1510.0,1440.336792,143240
2011-08-17,1505.0,1690.0,1490.0,1660.0,1583.416504,151407
2011-08-18,1660.0,1700.0,1600.0,1670.0,1592.955078,155225
2011-08-19,1515.0,1595.0,1500.0,1540.0,1468.952637,176897
2011-08-22,1540.0,1585.0,1500.0,1540.0,1468.952637,50412
2011-08-23,1565.0,1620.0,1510.0,1550.0,1478.491333,59277
2011-08-24,1560.0,1600.0,1475.0,1550.0,1478.491333,65467
2011-08-25,1550.0,1620.0,1550.0,1590.0,1516.645874,59697
2011-08-26,1590.0,1620.0,1530.0,1610.0,1535.723267,78942
2011-08-29,1630.0,1645.0,1605.0,1640.0,1564.339233,24519
2011-08-30,1660.0,1700.0,1405.0,1580.0,1507.1073,136901
2011-08-31,1540.0,1600.0,1505.0,1590.0,1516.645874,67338
2011-09-01,1625.0,1625.0,1535.0,1560.0,1488.029907,54552
2011-09-02,1560.0,1630.0,1550.0,1630.0,1554.800537,44900
2011-09-05,1630.0,1645.0,1550.0,1570.0,1497.568604,36276
2011-09-06,1550.0,1640.0,1530.0,1565.0,1492.799316,61102
2011-09-07,1600.0,1600.0,1555.0,1565.0,1492.799316,46790
2011-09-08,1580.0,1610.0,1500.0,1560.0,1488.029907,75948
2011-09-09,1565.0,1620.0,1515.0,1565.0,1492.799316,86610
2011-09-14,1580.0,1615.0,1515.0,1545.0,1473.721924,26631
2011-09-15,1590.0,1590.0,1525.0,1565.0,1492.799316,65594
2011-09-16,1540.0,1630.0,1540.0,1600.0,1526.184692,61254
2011-09-19,1595.0,1595.0,1535.0,1585.0,1511.876587,22131
2011-09-20,1600.0,1600.0,1510.0,1560.0,1488.029907,33088
2011-09-21,1565.0,1595.0,1495.0,1530.0,1459.414063,96817
2011-09-22,1520.0,1525.0,1475.0,1510.0,1440.336792,30365
2011-09-23,1490.0,1555.0,1370.0,1550.0,1478.491333,83589
2011-09-26,1560.0,1610.0,1410.0,1525.0,1454.644653,52284
2011-09-27,1530.0,1540.0,1465.0,1540.0,1468.952637,45299
2011-09-28,1555.0,1580.0,1480.0,1540.0,1468.952637,82280
2011-09-29,1565.0,1585.0,1510.0,1560.0,1488.029907,46561
2011-09-30,1540.0,1625.0,1540.0,1610.0,1535.723267,83884
2011-10-04,1565.0,1590.0,1470.0,1590.0,1516.645874,48566
2011-10-05,1620.0,1620.0,1525.0,1580.0,1507.1073,56167
2011-10-06,1620.0,1625.0,1550.0,1550.0,1478.491333,102871
2011-10-07,1550.0,1595.0,1520.0,1550.0,1478.491333,47458
2011-10-10,1510.0,1590.0,1500.0,1500.0,1430.797974,101610
2011-10-11,1515.0,1555.0,1505.0,1540.0,1468.952637,67135
2011-10-12,1550.0,1550.0,1495.0,1540.0,1468.952637,46251
2011-10-13,1530.0,1560.0,1520.0,1560.0,1488.029907,43267
2011-10-14,1575.0,1580.0,1520.0,1555.0,1483.260742,26138
2011-10-17,1560.0,1585.0,1495.0,1510.0,1440.336792,100477
2011-10-18,1500.0,1540.0,1480.0,1540.0,1468.952637,39568
2011-10-19,1535.0,1540.0,1500.0,1530.0,1459.414063,40315
2011-10-20,1530.0,1530.0,1485.0,1515.0,1445.106079,54966
2011-10-21,1530.0,1530.0,1475.0,1515.0,1445.106079,20497
2011-10-24,1525.0,1555.0,1485.0,1555.0,1483.260742,56358
2011-10-25,1575.0,1575.0,1505.0,1510.0,1440.336792,50865
2011-10-26,1490.0,1525.0,1490.0,1500.0,1430.797974,53636
2011-10-27,1515.0,1550.0,1490.0,1510.0,1440.336792,56840
2011-10-28,1525.0,1575.0,1500.0,1565.0,1492.799316,114521
2011-10-31,1540.0,1785.0,1540.0,1745.0,1664.495117,432784
2011-11-01,1740.0,1845.0,1660.0,1715.0,1635.879028,159977
2011-11-02,1690.0,1690.0,1550.0,1600.0,1526.184692,189194
2011-11-03,1600.0,1625.0,1525.0,1555.0,1483.260742,161247
2011-11-04,1570.0,1635.0,1570.0,1590.0,1516.645874,38947
2011-11-07,1620.0,1620.0,1555.0,1595.0,1521.415283,45356
2011-11-08,1595.0,1595.0,1565.0,1595.0,1521.415283,46144
2011-11-09,1625.0,1625.0,1580.0,1615.0,1540.492554,55016
2011-11-10,1580.0,1590.0,1540.0,1570.0,1497.568604,73618
2011-11-11,1600.0,1600.0,1550.0,1590.0,1516.645874,74547
2011-11-14,1600.0,1625.0,1580.0,1600.0,1526.184692,20794
2011-11-15,1625.0,1625.0,1550.0,1585.0,1511.876587,47163
2011-11-16,1610.0,1610.0,1525.0,1560.0,1488.029907,43422
2011-11-17,1555.0,1555.0,1520.0,1555.0,1483.260742,22301
2011-11-18,1555.0,1555.0,1500.0,1520.0,1449.875366,197025
2011-11-21,1515.0,1545.0,1515.0,1540.0,1468.952637,23757
2011-11-22,1535.0,1535.0,1505.0,1535.0,1464.18335,54526
2011-11-23,1545.0,1545.0,1480.0,1515.0,1445.106079,46982
2011-11-24,1510.0,1510.0,1475.0,1510.0,1440.336792,68704
2011-11-25,1485.0,1510.0,1475.0,1475.0,1406.951416,47275
2011-11-28,1485.0,1530.0,1475.0,1525.0,1454.644653,28387
2011-11-29,1545.0,1545.0,1505.0,1510.0,1440.336792,20222
2011-11-30,1510.0,1550.0,1480.0,1480.0,1411.720703,56900
2011-12-01,1500.0,1510.0,1480.0,1485.0,1416.490112,58352
2011-12-02,1485.0,1550.0,1480.0,1550.0,1478.491333,59382
2011-12-05,1570.0,1590.0,1560.0,1590.0,1516.645874,74614
2011-12-06,1610.0,1675.0,1570.0,1650.0,1573.877808,185410
2011-12-07,1660.0,1685.0,1605.0,1655.0,1578.647217,85673
2011-12-08,1650.0,1660.0,1585.0,1655.0,1578.647217,88946
2011-12-09,1650.0,1650.0,1570.0,1630.0,1554.800537,113284
2011-12-12,1610.0,1635.0,1580.0,1635.0,1559.569824,72974
2011-12-13,1630.0,1675.0,1620.0,1650.0,1573.877808,94517
2011-12-14,1650.0,1650.0,1590.0,1630.0,1554.800537,52646
2011-12-15,1630.0,1630.0,1580.0,1610.0,1535.723267,41522
2011-12-16,1630.0,1630.0,1595.0,1630.0,1554.800537,32460
2011-12-19,1630.0,1635.0,1460.0,1615.0,1540.492554,153616
2011-12-20,1605.0,1640.0,1585.0,1640.0,1564.339233,78547
2011-12-21,1640.0,1875.0,1640.0,1725.0,1645.417725,605214
2011-12-22,1705.0,1730.0,1670.0,1720.0,1640.648438,121651
2011-12-23,1750.0,1755.0,1630.0,1740.0,1659.725708,366993
2011-12-26,1740.0,1760.0,1705.0,1740.0,1659.725708,86510
2011-12-27,1710.0,1730.0,1680.0,1710.0,1631.109863,99519
2011-12-28,1705.0,1800.0,1670.0,1770.0,1688.341675,331098
2011-12-29,1770.0,1785.0,1710.0,1770.0,1688.341675,93233
2012-01-02,1770.0,1795.0,1740.0,1770.0,1688.341675,62721
2012-01-03,1755.0,1770.0,1685.0,1750.0,1669.264404,368146
2012-01-04,1735.0,1760.0,1700.0,1700.0,1621.571167,274948
2012-01-05,1720.0,1790.0,1700.0,1735.0,1654.956299,504747
2012-01-06,1725.0,1740.0,1665.0,1690.0,1612.032471,142308
2012-01-09,1700.0,1930.0,1700.0,1900.0,1812.344238,1084119
2012-01-10,1980.0,1980.0,1800.0,1820.0,1736.035034,373692
2012-01-11,1855.0,2090.0,1830.0,2000.0,1907.730713,870109
2012-01-12,2015.0,2240.0,2015.0,2060.0,1964.962769,801137
2012-01-13,2060.0,2170.0,1970.0,2100.0,2003.11731,239658
2012-01-16,2215.0,2415.0,2160.0,2330.0,2222.506348,780824
2012-01-17,2250.0,2350.0,2230.0,2275.0,2170.043701,225403
2012-01-18,2330.0,2485.0,2090.0,2100.0,2003.11731,283426
2012-01-19,2025.0,2245.0,2025.0,2245.0,2141.427979,165852
2012-01-20,2280.0,2395.0,2210.0,2315.0,2208.198242,307604
2012-01-25,2315.0,2470.0,2280.0,2325.0,2217.737061,151061
2012-01-26,2325.0,2370.0,2265.0,2290.0,2184.351807,42221
2012-01-27,2340.0,2360.0,2245.0,2360.0,2251.122314,179343
2012-01-30,2400.0,2495.0,2305.0,2430.0,2317.892822,201085
2012-01-31,2475.0,2640.0,2430.0,2545.0,2427.587402,245403
2012-02-01,2625.0,2625.0,2460.0,2550.0,2432.356689,139732
2012-02-02,2510.0,2600.0,2475.0,2500.0,2384.663574,112333
2012-02-03,2480.0,2520.0,2340.0,2400.0,2289.276855,183274
2012-02-06,2380.0,2520.0,2335.0,2520.0,2403.740723,125467
2012-02-07,2475.0,2590.0,2475.0,2545.0,2427.587402,150600
2012-02-08,2505.0,2580.0,2505.0,2555.0,2437.125977,64965
2012-02-09,2555.0,2630.0,2485.0,2495.0,2379.894043,92928
2012-02-10,2495.0,2615.0,2495.0,2580.0,2460.972656,51582
2012-02-13,2590.0,2840.0,2590.0,2810.0,2680.361816,237215
2012-02-14,2850.0,3230.0,2810.0,3230.0,3080.985107,991568
2012-02-15,3290.0,3335.0,3075.0,3170.0,3023.753174,266601
2012-02-16,3200.0,3280.0,3100.0,3100.0,2956.982666,159652
2012-02-17,3060.0,3150.0,3020.0,3100.0,2956.982666,75790
2012-02-20,3100.0,3150.0,3060.0,3100.0,2956.982666,78324
2012-02-21,3175.0,3175.0,2950.0,3100.0,2956.982666,159664
2012-02-22,3100.0,3140.0,3010.0,3100.0,2956.982666,102933
2012-02-23,3100.0,3250.0,3075.0,3180.0,3033.291748,132933
2012-02-24,3180.0,3255.0,3165.0,3180.0,3033.291748,94327
2012-02-27,3180.0,3225.0,3050.0,3200.0,3052.369385,83878
2012-02-28,3070.0,3240.0,3070.0,3190.0,3042.830566,31033
2012-02-29,3190.0,3600.0,3190.0,3525.0,3362.375488,306901
2012-03-02,3525.0,4050.0,3525.0,4050.0,3863.154785,348353
2012-03-05,4055.0,4590.0,3850.0,3950.0,3767.768066,590741
2012-03-06,4030.0,4350.0,3800.0,4080.0,3891.770508,288011
2012-03-07,3990.0,4030.0,3815.0,3850.0,3672.381836,189067
2012-03-08,3900.0,3900.0,3275.0,3275.0,3123.90918,838329
2012-03-09,3270.0,3435.0,3100.0,3330.0,3176.371826,212370
2012-03-12,3350.0,3545.0,3350.0,3490.0,3328.990234,218995
2012-03-13,3515.0,3865.0,3500.0,3770.0,3596.07251,199735
2012-03-14,3830.0,3895.0,3625.0,3795.0,3619.919189,125448
2012-03-15,3800.0,3975.0,3415.0,3760.0,3586.533936,284095
2012-03-16,3845.0,3845.0,3450.0,3450.0,3290.835449,164784
2012-03-19,3450.0,3610.0,3325.0,3560.0,3395.760498,133608
2012-03-20,3600.0,3600.0,3460.0,3550.0,3386.222168,71202
2012-03-21,3540.0,3595.0,3410.0,3570.0,3405.299316,52392
2012-03-22,3600.0,3660.0,3390.0,3455.0,3295.60498,50388
2012-03-23,3455.0,3455.0,3245.0,3350.0,3195.448975,146776
2012-03-26,3220.0,3355.0,3010.0,3250.0,3100.0625,84229
2012-03-27,3520.0,3520.0,3220.0,3425.0,3266.98877,79214
2012-03-28,3590.0,3590.0,3310.0,3400.0,3243.142334,63999
2012-03-29,3390.0,3485.0,3265.0,3350.0,3195.448975,22086
2012-03-30,3360.0,3400.0,3240.0,3370.0,3214.526367,39538
2012-04-02,3290.0,3395.0,3280.0,3395.0,3238.372803,41681
2012-04-03,3400.0,3425.0,3280.0,3410.0,3252.680908,47328
2012-04-04,3420.0,3480.0,3295.0,3375.0,3219.295654,31993
2012-04-05,3375.0,3445.0,3330.0,3375.0,3219.295654,23053
2012-04-06,3390.0,3445.0,3350.0,3445.0,3286.066162,26254
2012-04-09,3470.0,3745.0,3380.0,3380.0,3224.064941,231971
2012-04-10,3365.0,3545.0,3330.0,3490.0,3328.990234,44636
2012-04-12,3490.0,3535.0,3350.0,3450.0,3290.835449,17527
2012-04-13,3450.0,3535.0,3440.0,3500.0,3338.528809,35467
2012-04-16,3440.0,3510.0,3370.0,3485.0,3324.220703,45584
2012-04-17,3465.0,3525.0,3400.0,3505.0,3343.298096,22638
2012-04-18,3550.0,3555.0,3480.0,3525.0,3362.375488,22288
2012-04-19,3550.0,3550.0,3385.0,3400.0,3243.142334,41882
2012-04-20,3400.0,3550.0,3230.0,3520.0,3357.605957,44374
2012-04-23,3550.0,3600.0,3410.0,3465.0,3305.143555,33373
2012-04-24,3605.0,3605.0,3385.0,3395.0,3238.372803,32736
2012-04-25,3445.0,3550.0,3340.0,3480.0,3319.451416,35344
2012-04-26,3480.0,3480.0,3385.0,3435.0,3276.527588,22018
2012-04-27,3435.0,3500.0,2925.0,3380.0,3224.064941,91798
2012-04-30,3730.0,3730.0,3395.0,3550.0,3386.222168,197073
2012-05-02,3550.0,3685.0,3550.0,3685.0,3514.993896,65890
2012-05-03,3635.0,3910.0,3635.0,3910.0,3729.613525,158098
2012-05-04,3900.0,4070.0,3900.0,3975.0,3791.614746,171027
2012-05-07,4000.0,4020.0,3875.0,3940.0,3758.229736,44159
2012-05-08,3945.0,4080.0,3945.0,4015.0,3829.769531,175351
2012-05-09,4010.0,4090.0,3950.0,4000.0,3815.461426,142369
2012-05-10,4020.0,4280.0,3940.0,4150.0,3958.54126,185428
2012-05-11,4235.0,4695.0,3685.0,3750.0,3576.995117,1283252
2012-05-14,3920.0,3920.0,3570.0,3570.0,3405.299316,257728
2012-05-15,3520.0,3605.0,3230.0,3325.0,3171.602295,238762
2012-05-16,3245.0,3350.0,2970.0,2970.0,2832.980225,258799
2012-05-17,3030.0,3200.0,2995.0,3120.0,2976.059814,113802
2012-05-18,3095.0,3150.0,3030.0,3100.0,2956.982666,93284
2012-05-21,3010.0,3230.0,3010.0,3185.0,3038.061279,158535
2012-05-22,3220.0,3370.0,3180.0,3270.0,3119.139648,211538
2012-05-23,3270.0,3350.0,3130.0,3230.0,3080.985107,108073
2012-05-24,3230.0,3310.0,3080.0,3105.0,2961.751953,87946
2012-05-25,3150.0,3190.0,3065.0,3085.0,2942.674561,91221
2012-05-29,3085.0,3150.0,3070.0,3070.0,2928.366699,50201
2012-05-30,3105.0,3105.0,2900.0,3040.0,2899.750732,124125
2012-05-31,3000.0,3000.0,2875.0,2900.0,2766.209717,140103
2012-06-01,2910.0,3025.0,2900.0,2960.0,2823.441406,124351
2012-06-04,2885.0,2885.0,2725.0,2795.0,2666.053711,120456
2012-06-05,2795.0,2870.0,2760.0,2865.0,2732.824219,90144
2012-06-07,2865.0,2995.0,2865.0,2930.0,2794.825684,152261
2012-06-08,2905.0,2950.0,2815.0,2845.0,2713.74707,108724
2012-06-11,2900.0,2935.0,2840.0,2880.0,2747.132324,103171
2012-06-12,2900.0,3100.0,2875.0,3070.0,2928.366699,276088
2012-06-13,3110.0,3110.0,3010.0,3020.0,2880.673584,73783
2012-06-14,3005.0,3055.0,2970.0,3010.0,2871.134766,29137
2012-06-15,3025.0,3035.0,2870.0,2870.0,2737.593506,65277
2012-06-18,2920.0,3035.0,2880.0,3015.0,2875.904053,96214
2012-06-19,3005.0,3005.0,2950.0,2985.0,2847.28833,46942
2012-06-20,3000.0,3285.0,3000.0,3155.0,3009.445313,281174
2012-06-21,3155.0,3200.0,3090.0,3100.0,2956.982666,81703
2012-06-22,3005.0,3075.0,2990.0,3030.0,2890.212158,53689
2012-06-25,3075.0,3080.0,2985.0,3005.0,2866.365479,51120
2012-06-26,2985.0,3040.0,2970.0,3000.0,2861.595947,55161
2012-06-27,3005.0,3190.0,2965.0,3100.0,2956.982666,122603
2012-06-28,3150.0,3400.0,3100.0,3300.0,3147.755615,417428
2012-06-29,3290.0,3500.0,3245.0,3470.0,3309.912598,331909
2012-07-02,3550.0,3620.0,3420.0,3445.0,3286.066162,239308
2012-07-03,3510.0,3525.0,3410.0,3435.0,3276.527588,112059
2012-07-04,3460.0,3680.0,3420.0,3580.0,3414.838135,347959
2012-07-05,3580.0,3685.0,3520.0,3590.0,3424.376709,144713
2012-07-06,3590.0,3605.0,3520.0,3550.0,3386.222168,113659
2012-07-09,3600.0,3705.0,3420.0,3620.0,3452.992676,277169
2012-07-10,3640.0,3790.0,3610.0,3700.0,3529.301758,348747
2012-07-11,3750.0,3940.0,3670.0,3940.0,3758.229736,514913
2012-07-12,3940.0,3965.0,3820.0,3850.0,3672.381836,218297
2012-07-13,3910.0,4040.0,3630.0,3940.0,3758.229736,491706
2012-07-16,3970.0,4000.0,3885.0,3950.0,3767.768066,182661
2012-07-17,3950.0,3990.0,3830.0,3945.0,3762.999023,229904
2012-07-18,3975.0,4175.0,3965.0,3995.0,3810.692139,548236
2012-07-19,4120.0,4135.0,3995.0,4055.0,3867.924072,152706
2012-07-20,4135.0,4135.0,3850.0,3915.0,3734.382813,225093
2012-07-23,3815.0,3900.0,3665.0,3880.0,3700.997559,274820
2012-07-24,3800.0,3850.0,3600.0,3600.0,3433.915283,317685
2012-07-25,3450.0,3510.0,3340.0,3340.0,3185.910156,352700
2012-07-26,3250.0,3485.0,3250.0,3430.0,3271.758057,252889
2012-07-27,3545.0,3545.0,3340.0,3370.0,3214.526367,159567
2012-07-30,3435.0,3470.0,3335.0,3415.0,3257.450195,125870
2012-07-31,3450.0,3540.0,3375.0,3540.0,3376.68335,218135
2012-08-01,3580.0,4070.0,3500.0,4070.0,3882.232178,1558482
2012-08-02,4185.0,4240.0,3840.0,4020.0,3834.538818,2810268
2012-08-03,4195.0,4330.0,4070.0,4190.0,3996.695801,3054745
2012-08-06,4220.0,4275.0,4100.0,4175.0,3982.387939,1715312
2012-08-07,4225.0,4235.0,3955.0,3955.0,3772.537354,1333107
2012-08-08,3970.0,4070.0,3930.0,4060.0,3872.693359,948330
2012-08-09,4060.0,4130.0,3935.0,3950.0,3767.768066,878157
2012-08-10,3960.0,4000.0,3830.0,3955.0,3772.537354,821456
2012-08-13,3990.0,4100.0,3800.0,3800.0,3624.688477,1416995
2012-08-14,3740.0,3760.0,3590.0,3680.0,3510.224609,1030003
2012-08-16,3680.0,3735.0,3535.0,3550.0,3386.222168,818110
2012-08-17,3590.0,3630.0,3555.0,3580.0,3414.838135,370205
2012-08-20,3630.0,3810.0,3625.0,3755.0,3581.764404,664741
2012-08-21,3765.0,3965.0,3700.0,3810.0,3634.227051,891903
2012-08-22,3810.0,3955.0,3765.0,3840.0,3662.843018,635863
2012-08-23,3900.0,3900.0,3805.0,3805.0,3629.457764,308700
2012-08-24,3750.0,3780.0,3540.0,3600.0,3433.915283,652439
2012-08-27,3630.0,3685.0,3555.0,3610.0,3443.453857,271159
2012-08-28,3655.0,3790.0,3615.0,3785.0,3610.380371,339455
2012-08-29,3885.0,3930.0,3730.0,3830.0,3653.304199,402528
2012-08-30,3830.0,3850.0,3730.0,3750.0,3576.995117,232115
2012-08-31,3710.0,3825.0,3680.0,3795.0,3619.919189,261984
2012-09-03,3810.0,3845.0,3635.0,3670.0,3500.686035,358042
2012-09-04,3700.0,3700.0,3560.0,3575.0,3410.068604,318718
2012-09-05,3600.0,3620.0,3405.0,3500.0,3338.528809,351397
2012-09-06,3510.0,3540.0,3395.0,3490.0,3328.990234,249087
2012-09-07,3560.0,3575.0,3400.0,3490.0,3328.990234,234370
2012-09-10,3585.0,3600.0,3515.0,3530.0,3367.144775,248718
2012-09-11,3535.0,3545.0,3385.0,3435.0,3276.527588,283429
2012-09-12,3450.0,3480.0,3325.0,3350.0,3195.448975,357108
2012-09-13,3405.0,3405.0,3265.0,3380.0,3224.064941,210849
2012-09-14,3440.0,3580.0,3420.0,3490.0,3328.990234,362258
2012-09-17,3525.0,3525.0,3435.0,3470.0,3309.912598,135635
2012-09-18,3455.0,3555.0,3445.0,3490.0,3328.990234,142938
2012-09-19,3535.0,3550.0,3465.0,3550.0,3386.222168,136524
2012-09-20,3595.0,3715.0,3560.0,3600.0,3433.915283,366152
2012-09-21,3640.0,3770.0,3600.0,3725.0,3553.148682,312486
2012-09-24,3730.0,3810.0,3600.0,3600.0,3433.915283,203104
2012-09-25,3560.0,3600.0,3390.0,3390.0,3233.603516,293018
2012-09-26,3350.0,3445.0,3340.0,3410.0,3252.680908,158181
2012-09-27,3340.0,3405.0,3260.0,3300.0,3147.755615,178914
2012-09-28,3350.0,3430.0,3300.0,3430.0,3271.758057,115438
2012-10-02,3430.0,3505.0,3395.0,3430.0,3271.758057,100974
2012-10-04,3430.0,3500.0,3340.0,3390.0,3233.603516,162297
2012-10-05,3390.0,3420.0,3320.0,3325.0,3171.602295,156673
2012-10-08,3325.0,3640.0,3300.0,3420.0,3262.219727,558566
2012-10-09,3520.0,3520.0,3400.0,3430.0,3271.758057,259622
2012-10-10,3430.0,3430.0,3300.0,3300.0,3147.755615,168234
2012-10-11,3250.0,3330.0,3240.0,3280.0,3128.678467,137565
2012-10-12,3345.0,3355.0,3255.0,3255.0,3104.831787,128478
2012-10-15,3255.0,3265.0,2900.0,3000.0,2861.595947,504358
2012-10-16,3005.0,3055.0,2805.0,2880.0,2747.132324,232007
2012-10-17,2870.0,2950.0,2850.0,2850.0,2718.516357,177862
2012-10-18,2890.0,2945.0,2785.0,2885.0,2751.901611,169264
2012-10-19,2860.0,2985.0,2805.0,2935.0,2799.594971,89943
2012-10-22,2860.0,2980.0,2825.0,2945.0,2809.133301,65770
2012-10-23,2980.0,3080.0,2960.0,3035.0,2894.981201,96185
2012-10-24,3000.0,3075.0,2960.0,3040.0,2899.750732,156931
2012-10-25,3075.0,3075.0,2970.0,2975.0,2837.749512,108632
2012-10-26,2985.0,2985.0,2795.0,2820.0,2689.900146,181724
2012-10-29,2780.0,2820.0,2560.0,2605.0,2484.819092,214017
2012-10-30,2520.0,2590.0,2390.0,2500.0,2384.663574,331896
2012-10-31,2510.0,2580.0,2510.0,2560.0,2441.895264,95286
2012-11-01,2565.0,2570.0,2435.0,2495.0,2379.894043,109295
2012-11-02,2515.0,2620.0,2515.0,2600.0,2480.049805,86343
2012-11-05,2590.0,2840.0,2590.0,2820.0,2689.900146,200692
2012-11-06,2875.0,2880.0,2755.0,2785.0,2656.514893,100231
2012-11-07,2785.0,2875.0,2765.0,2765.0,2637.437744,79051
2012-11-08,2685.0,2755.0,2680.0,2710.0,2584.975098,75310
2012-11-09,2720.0,2735.0,2660.0,2725.0,2599.283203,97392
2012-11-12,2770.0,2770.0,2700.0,2730.0,2604.052246,82124
2012-11-13,2740.0,2780.0,2630.0,2630.0,2508.666016,121838
2012-11-14,2630.0,2710.0,2550.0,2555.0,2437.125977,94826
2012-11-15,2290.0,2380.0,2175.0,2175.0,2074.657227,606131
2012-11-16,2125.0,2195.0,1980.0,1990.0,1898.192139,414348
2012-11-19,1970.0,2090.0,1970.0,2050.0,1955.42395,184698
2012-11-20,2075.0,2125.0,2045.0,2100.0,2003.11731,127885
2012-11-21,2090.0,2145.0,2070.0,2090.0,1993.578613,63004
2012-11-22,2090.0,2180.0,2090.0,2120.0,2022.194702,97957
2012-11-23,2160.0,2250.0,2150.0,2210.0,2108.04248,93788
2012-11-26,2240.0,2240.0,2095.0,2095.0,1998.3479,112142
2012-11-27,2070.0,2170.0,2070.0,2110.0,2012.655884,153522
2012-11-28,2135.0,2135.0,2060.0,2110.0,2012.655884,101853
2012-11-29,2105.0,2230.0,2105.0,2140.0,2041.271973,227462
2012-11-30,2150.0,2170.0,2110.0,2140.0,2041.271973,73228
2012-12-03,2140.0,2180.0,2100.0,2100.0,2003.11731,102194
2012-12-04,2090.0,2175.0,2080.0,2140.0,2041.271973,67141
2012-12-05,2140.0,2165.0,2075.0,2115.0,2017.425171,95012
2012-12-06,2100.0,2130.0,2070.0,2085.0,1988.809204,64748
2012-12-07,2080.0,2110.0,2035.0,2090.0,1993.578613,104122
2012-12-10,2090.0,2100.0,2050.0,2060.0,1964.962769,65520
2012-12-11,2065.0,2090.0,1985.0,1995.0,1902.961426,75473
2012-12-12,2005.0,2020.0,1965.0,2000.0,1907.730713,36710
2012-12-13,2010.0,2050.0,2000.0,2040.0,1945.885254,52266
2012-12-14,2025.0,2060.0,2020.0,2060.0,1964.962769,42696
2012-12-17,2045.0,2070.0,2000.0,2010.0,1917.269409,55569
2012-12-18,2015.0,2035.0,1990.0,2020.0,1926.807983,84155
2012-12-20,2020.0,2020.0,1900.0,1900.0,1812.344238,175161
2012-12-21,1910.0,1915.0,1755.0,1800.0,1716.957642,223082
2012-12-24,1785.0,1860.0,1785.0,1830.0,1745.573608,139628
2012-12-26,1830.0,1875.0,1830.0,1865.0,1778.958862,88884
2012-12-27,1895.0,1895.0,1840.0,1850.0,1764.650879,69133
2012-12-28,1880.0,1920.0,1860.0,1920.0,1831.421509,100064
2013-01-02,1920.0,1955.0,1915.0,1940.0,1850.498779,81850
2013-01-03,1950.0,1950.0,1890.0,1920.0,1831.421509,89640
2013-01-04,1930.0,1945.0,1880.0,1945.0,1855.268188,63701
2013-01-07,1935.0,1960.0,1890.0,1890.0,1802.805542,111481
2013-01-08,1900.0,1940.0,1895.0,1930.0,1840.960205,73371
2013-01-09,1930.0,2145.0,1925.0,2125.0,2026.963989,737739
2013-01-10,2135.0,2175.0,2080.0,2145.0,2046.04126,258912
2013-01-11,2160.0,2160.0,2080.0,2130.0,2031.733154,211425
2013-01-14,2110.0,2130.0,2080.0,2085.0,1988.809204,137876
2013-01-15,2085.0,2120.0,2030.0,2055.0,1960.193359,162029
2013-01-16,2055.0,2080.0,2035.0,2050.0,1955.42395,104983
2013-01-17,2070.0,2200.0,2045.0,2165.0,2065.118408,522121
2013-01-18,2220.0,2270.0,2150.0,2225.0,2122.350342,504217
2013-01-21,2240.0,2365.0,2240.0,2295.0,2189.12085,805125
2013-01-22,2330.0,2330.0,2210.0,2275.0,2170.043701,424706
2013-01-23,2290.0,2335.0,2260.0,2285.0,2179.58252,176066
2013-01-24,2295.0,2295.0,2150.0,2200.0,2098.503906,211520
2013-01-25,2200.0,2245.0,2080.0,2130.0,2031.733154,382230
2013-01-28,2135.0,2155.0,2085.0,2155.0,2055.580078,67956
2013-01-29,2150.0,2250.0,2110.0,2250.0,2146.197021,185698
2013-01-30,2250.0,2250.0,2180.0,2180.0,2079.426514,162854
2013-01-31,2175.0,2240.0,2170.0,2220.0,2117.581055,204036
2013-02-01,2260.0,2530.0,2260.0,2350.0,2241.583496,2850711
2013-02-04,2370.0,2460.0,2305.0,2335.0,2227.275635,932905
2013-02-05,2315.0,2390.0,2265.0,2340.0,2232.044922,441674
2013-02-06,2370.0,2440.0,2285.0,2285.0,2179.58252,492047
2013-02-07,2265.0,2315.0,2220.0,2275.0,2170.043701,282774
2013-02-08,2290.0,2325.0,2230.0,2245.0,2141.427979,168155
2013-02-12,2245.0,2280.0,2165.0,2220.0,2117.581055,186960
2013-02-13,2245.0,2255.0,2200.0,2245.0,2141.427979,152928
2013-02-14,2260.0,2365.0,2240.0,2345.0,2236.814209,363689
2013-02-15,2345.0,2365.0,2290.0,2315.0,2208.198242,186506
2013-02-18,2320.0,2345.0,2265.0,2285.0,2179.58252,241129
2013-02-19,2300.0,2370.0,2275.0,2360.0,2251.122314,287146
2013-02-20,2420.0,2460.0,2370.0,2430.0,2317.892822,711310
2013-02-21,2435.0,2700.0,2405.0,2495.0,2379.894043,1864405
2013-02-22,2510.0,2600.0,2470.0,2485.0,2370.355469,476324
2013-02-25,2520.0,2575.0,2485.0,2530.0,2413.279297,258135
2013-02-26,2530.0,2700.0,2510.0,2615.0,2494.35791,729847
2013-02-27,2700.0,2710.0,2480.0,2555.0,2437.125977,602185
2013-02-28,2580.0,2615.0,2495.0,2560.0,2441.895264,307196
2013-03-04,2560.0,2585.0,2515.0,2540.0,2422.818115,220167
2013-03-05,2545.0,2620.0,2535.0,2535.0,2418.048828,179756
2013-03-06,2565.0,2570.0,2430.0,2470.0,2356.047363,349778
2013-03-07,2470.0,2510.0,2380.0,2395.0,2284.507568,270617
2013-03-08,2420.0,2455.0,2370.0,2445.0,2332.200928,143155
2013-03-11,2400.0,2475.0,2250.0,2330.0,2222.506348,209663
2013-03-12,2335.0,2375.0,2235.0,2250.0,2146.197021,272961
2013-03-13,2250.0,2325.0,2235.0,2300.0,2193.890381,167119
2013-03-14,2325.0,2400.0,2320.0,2380.0,2270.199463,163817
2013-03-15,2390.0,2410.0,2350.0,2380.0,2270.199463,87252
2013-03-18,2380.0,2420.0,2315.0,2340.0,2232.044922,118730
2013-03-19,2330.0,2370.0,2305.0,2355.0,2246.353027,71026
2013-03-20,2375.0,2375.0,2285.0,2350.0,2241.583496,98625
2013-03-21,2370.0,2375.0,2305.0,2310.0,2203.428955,104088
2013-03-22,2310.0,2330.0,2275.0,2285.0,2179.58252,49249
2013-03-25,2310.0,2345.0,2260.0,2260.0,2155.735596,55774
2013-03-26,2270.0,2335.0,2270.0,2325.0,2217.737061,62938
2013-03-27,2325.0,2360.0,2290.0,2330.0,2222.506348,47414
2013-03-28,2350.0,2430.0,2330.0,2395.0,2284.507568,154283
2013-03-29,2410.0,2440.0,2385.0,2410.0,2298.815674,70973
2013-04-01,2420.0,2465.0,2375.0,2405.0,2294.046143,103783
2013-04-02,2500.0,2765.0,2500.0,2765.0,2637.437744,1624433
2013-04-03,2940.0,2970.0,2630.0,2670.0,2546.820557,3780283
2013-04-04,2670.0,2750.0,2585.0,2705.0,2580.205811,1501395
2013-04-05,2720.0,2840.0,2655.0,2680.0,2556.359375,1518228
2013-04-08,2650.0,2660.0,2380.0,2380.0,2270.199463,847943
2013-04-09,2365.0,2390.0,2145.0,2205.0,2103.272949,584211
2013-04-10,2210.0,2285.0,2180.0,2220.0,2117.581055,340030
2013-04-11,2250.0,2330.0,2250.0,2320.0,2212.967773,277636
2013-04-12,2350.0,2380.0,2280.0,2285.0,2179.58252,231977
2013-04-15,2300.0,2345.0,2285.0,2335.0,2227.275635,148949
2013-04-16,2335.0,2360.0,2290.0,2350.0,2241.583496,112091
2013-04-17,2380.0,2385.0,2300.0,2325.0,2217.737061,145906
2013-04-18,2300.0,2315.0,2240.0,2240.0,2136.658447,195950
2013-04-19,2245.0,2260.0,2140.0,2140.0,2041.271973,244117
2013-04-22,2160.0,2230.0,2150.0,2225.0,2122.350342,95058
2013-04-23,2225.0,2265.0,2195.0,2220.0,2117.581055,91798
2013-04-24,2245.0,2265.0,2185.0,2230.0,2127.119873,100823
2013-04-25,2255.0,2560.0,2255.0,2470.0,2356.047363,2115292
2013-04-26,2460.0,2670.0,2395.0,2570.0,2451.434082,1087190
2013-04-29,2620.0,2715.0,2505.0,2585.0,2465.741943,601216
2013-04-30,2630.0,2640.0,2520.0,2570.0,2451.434082,281290
2013-05-02,2570.0,2620.0,2510.0,2525.0,2408.51001,149919
2013-05-03,2510.0,2560.0,2420.0,2510.0,2394.201904,226732
2013-05-06,2550.0,2840.0,2545.0,2665.0,2542.05127,819431
2013-05-07,2700.0,2865.0,2675.0,2760.0,2632.668457,875396
2013-05-08,2810.0,2820.0,2710.0,2780.0,2651.745605,244032
2013-05-09,2790.0,3000.0,2750.0,3000.0,2861.595947,456149
2013-05-10,3015.0,3170.0,2955.0,3145.0,2999.906494,1022294
2013-05-13,3250.0,3290.0,3025.0,3160.0,3014.2146,832488
2013-05-14,3170.0,3600.0,2970.0,3010.0,2871.134766,2814537
2013-05-15,3060.0,3275.0,2995.0,3075.0,2933.135986,1103141
2013-05-16,3155.0,3195.0,3035.0,3080.0,2937.905273,463729
2013-05-20,3080.0,3485.0,3070.0,3260.0,3109.601074,696886
2013-05-21,3260.0,3390.0,3260.0,3305.0,3152.524902,428456
2013-05-22,3425.0,3425.0,3210.0,3235.0,3085.754395,249014
2013-05-23,3265.0,3365.0,3195.0,3235.0,3085.754395,216449
2013-05-24,3255.0,3340.0,3025.0,3160.0,3014.2146,324098
2013-05-27,3195.0,3300.0,3120.0,3245.0,3095.293213,453151
2013-05-28,3300.0,3425.0,3260.0,3305.0,3152.524902,620045
2013-05-29,3300.0,3385.0,3295.0,3370.0,3214.526367,255937
2013-05-30,3360.0,3360.0,3190.0,3210.0,3061.907715,370144
2013-05-31,3090.0,3165.0,2885.0,3100.0,2956.982666,499664
2013-06-03,3015.0,3025.0,2755.0,2805.0,2675.592529,525169
2013-06-04,2830.0,2830.0,2610.0,2720.0,2594.513916,286072
2013-06-05,2700.0,2915.0,2610.0,2750.0,2623.129883,529664
2013-06-07,2750.0,2775.0,2620.0,2625.0,2503.896729,370046
2013-06-10,2645.0,2810.0,2640.0,2765.0,2637.437744,198662
2013-06-11,2775.0,2825.0,2690.0,2720.0,2594.513916,232048
2013-06-12,2735.0,2735.0,2500.0,2500.0,2384.663574,453783
2013-06-13,2550.0,2620.0,2440.0,2470.0,2356.047363,470639
2013-06-14,2515.0,2580.0,2450.0,2460.0,2346.508789,313988
2013-06-17,2460.0,2490.0,2275.0,2305.0,2198.659668,204724
2013-06-18,2340.0,2410.0,2320.0,2405.0,2294.046143,114468
2013-06-19,2410.0,2580.0,2410.0,2545.0,2427.587402,247548
2013-06-20,2510.0,2540.0,2435.0,2495.0,2379.894043,176234
2013-06-21,2450.0,2505.0,2320.0,2420.0,2308.354248,251513
2013-06-24,2420.0,2460.0,2150.0,2150.0,2050.810547,303484
2013-06-25,2110.0,2185.0,1855.0,1960.0,1869.57605,479054
2013-06-26,2000.0,2030.0,1950.0,2000.0,1907.730713,221617
2013-06-27,2050.0,2175.0,2050.0,2130.0,2031.733154,124030
2013-06-28,2165.0,2210.0,2125.0,2145.0,2046.04126,143321
2013-07-01,2135.0,2200.0,2120.0,2175.0,2074.657227,70630
2013-07-02,2195.0,2225.0,2170.0,2190.0,2088.965088,89334
2013-07-03,2190.0,2220.0,2120.0,2120.0,2022.194702,113857
2013-07-04,2130.0,2170.0,2070.0,2105.0,2007.886597,64339
2013-07-05,2145.0,2255.0,2145.0,2150.0,2050.810547,167612
2013-07-08,2160.0,2210.0,2080.0,2110.0,2012.655884,69830
2013-07-09,2120.0,2215.0,2120.0,2185.0,2084.195801,43118
2013-07-10,2220.0,2390.0,2180.0,2315.0,2208.198242,226618
2013-07-11,2320.0,2350.0,2245.0,2325.0,2217.737061,156646
2013-07-12,2380.0,2425.0,2290.0,2295.0,2189.12085,84988
2013-07-15,2360.0,2360.0,2285.0,2335.0,2227.275635,34454
2013-07-16,2375.0,2385.0,2300.0,2335.0,2227.275635,61826
2013-07-17,2325.0,2355.0,2300.0,2310.0,2203.428955,51842
2013-07-18,2340.0,2365.0,2300.0,2325.0,2217.737061,47243
2013-07-19,2320.0,2370.0,2300.0,2325.0,2217.737061,62035
2013-07-22,2330.0,2365.0,2285.0,2335.0,2227.275635,69417
2013-07-23,2375.0,2385.0,2295.0,2305.0,2198.659668,135083
2013-07-24,2305.0,2360.0,2285.0,2300.0,2193.890381,51364
2013-07-25,2290.0,2540.0,2290.0,2400.0,2289.276855,481681
2013-07-26,2460.0,2465.0,2420.0,2455.0,2341.739502,113813
2013-07-29,2445.0,2500.0,2390.0,2390.0,2279.738281,114347
2013-07-30,2400.0,2445.0,2355.0,2380.0,2270.199463,105283
2013-07-31,2400.0,2420.0,2355.0,2360.0,2251.122314,47643
2013-08-01,2430.0,2430.0,2350.0,2370.0,2260.660889,39619
2013-08-02,2410.0,2425.0,2350.0,2375.0,2265.43042,73884
2013-08-05,2405.0,2450.0,2390.0,2405.0,2294.046143,32336
2013-08-06,2445.0,2445.0,2350.0,2365.0,2255.891602,61479
2013-08-07,2350.0,2420.0,2350.0,2375.0,2265.43042,76941
2013-08-08,2350.0,2380.0,2315.0,2315.0,2208.198242,130094
2013-08-09,2345.0,2370.0,2320.0,2345.0,2236.814209,41758
2013-08-12,2320.0,2370.0,2295.0,2300.0,2193.890381,60184
2013-08-13,2305.0,2340.0,2255.0,2265.0,2160.505127,38422
2013-08-14,2260.0,2330.0,2245.0,2305.0,2198.659668,52995
2013-08-16,2305.0,2350.0,2255.0,2295.0,2189.12085,53983
2013-08-19,2340.0,2345.0,2260.0,2280.0,2174.812988,41330
2013-08-20,2260.0,2310.0,2215.0,2250.0,2146.197021,82019
2013-08-21,2225.0,2295.0,2090.0,2225.0,2122.350342,92710
2013-08-22,2170.0,2170.0,2075.0,2080.0,1984.040039,68513
2013-08-23,2090.0,2140.0,2090.0,2140.0,2041.271973,25510
2013-08-26,2150.0,2200.0,2145.0,2155.0,2055.580078,8784
2013-08-27,2200.0,2200.0,2100.0,2135.0,2036.502441,27697
2013-08-28,2130.0,2130.0,2010.0,2025.0,1931.577393,158216
2013-08-29,2035.0,2160.0,2035.0,2125.0,2026.963989,60031
2013-08-30,2190.0,2190.0,2090.0,2105.0,2007.886597,39679
2013-09-02,2105.0,2185.0,2105.0,2180.0,2079.426514,51426
2013-09-03,2115.0,2240.0,2115.0,2180.0,2079.426514,33475
2013-09-04,2160.0,2205.0,2125.0,2175.0,2074.657227,22854
2013-09-05,2235.0,2235.0,2145.0,2160.0,2060.349121,43122
2013-09-06,2150.0,2190.0,2135.0,2155.0,2055.580078,30295
2013-09-09,2165.0,2165.0,2110.0,2120.0,2022.194702,23933
2013-09-10,2130.0,2135.0,2080.0,2120.0,2022.194702,39710
2013-09-11,2120.0,2145.0,2095.0,2130.0,2031.733154,50446
2013-09-12,2185.0,2190.0,2130.0,2160.0,2060.349121,54363
2013-09-13,2190.0,2380.0,2190.0,2215.0,2112.811768,147579
2013-09-16,2235.0,2250.0,2210.0,2210.0,2108.04248,28949
2013-09-17,2310.0,2310.0,2185.0,2205.0,2103.272949,42673
2013-09-23,2205.0,2245.0,2160.0,2195.0,2093.734619,48057
2013-09-24,2230.0,2230.0,2150.0,2190.0,2088.965088,40598
2013-09-25,2205.0,2255.0,2170.0,2250.0,2146.197021,63788
2013-09-26,2235.0,2270.0,2210.0,2250.0,2146.197021,43788
2013-09-27,2235.0,2265.0,2205.0,2205.0,2103.272949,36062
2013-09-30,2220.0,2240.0,2160.0,2205.0,2103.272949,28116
2013-10-01,2205.0,2220.0,2120.0,2135.0,2036.502441,53474
2013-10-02,2135.0,2185.0,2135.0,2165.0,2065.118408,34080
2013-10-04,2165.0,2180.0,2110.0,2160.0,2060.349121,55738
2013-10-07,2150.0,2215.0,2135.0,2215.0,2112.811768,80310
2013-10-08,2195.0,2325.0,2195.0,2290.0,2184.351807,312347
2013-10-10,2290.0,2380.0,2270.0,2330.0,2222.506348,187651
2013-10-11,2315.0,2390.0,2305.0,2310.0,2203.428955,56622
2013-10-14,2310.0,2360.0,2250.0,2310.0,2203.428955,56207
2013-10-15,2310.0,2335.0,2285.0,2305.0,2198.659668,94938
2013-10-16,2305.0,2315.0,2265.0,2270.0,2165.274414,59588
2013-10-17,2310.0,2330.0,2260.0,2330.0,2222.506348,119052
2013-10-18,2530.0,2530.0,2285.0,2285.0,2179.58252,424891
2013-10-21,2290.0,2305.0,2260.0,2290.0,2184.351807,97404
2013-10-22,2300.0,2355.0,2290.0,2290.0,2184.351807,66666
2013-10-23,2295.0,2330.0,2180.0,2180.0,2079.426514,169577
2013-10-24,2185.0,2230.0,2165.0,2230.0,2127.119873,79233
2013-10-25,2235.0,2295.0,2200.0,2225.0,2122.350342,31309
2013-10-28,2210.0,2330.0,2210.0,2280.0,2174.812988,56198
2013-10-29,2275.0,2330.0,2250.0,2275.0,2170.043701,47837
2013-10-30,2265.0,2320.0,2265.0,2300.0,2193.890381,57773
2013-10-31,2290.0,2320.0,2260.0,2270.0,2165.274414,32533
2013-11-01,2275.0,2290.0,2230.0,2265.0,2160.505127,69127
2013-11-04,2260.0,2295.0,2215.0,2265.0,2160.505127,62472
2013-11-05,2265.0,2265.0,2215.0,2230.0,2127.119873,28272
2013-11-06,2225.0,2255.0,2150.0,2205.0,2103.272949,55742
2013-11-07,2205.0,2235.0,2155.0,2205.0,2103.272949,30975
2013-11-08,2145.0,2190.0,2125.0,2180.0,2079.426514,35647
2013-11-11,2190.0,2230.0,2070.0,2100.0,2003.11731,55164
2013-11-12,2140.0,2140.0,2065.0,2085.0,1988.809204,60358
2013-11-13,2075.0,2175.0,2050.0,2100.0,2003.11731,40921
2013-11-14,2100.0,2120.0,2020.0,2090.0,1993.578613,72177
2013-11-15,2090.0,2120.0,2065.0,2085.0,1988.809204,18552
2013-11-18,2085.0,2105.0,2030.0,2085.0,1988.809204,46920
2013-11-19,2055.0,2140.0,2000.0,2005.0,1912.5,86226
2013-11-20,2040.0,2090.0,1990.0,2020.0,1926.807983,78401
2013-11-21,2010.0,2015.0,1950.0,2000.0,1907.730713,96081
2013-11-22,2010.0,2020.0,1970.0,2020.0,1926.807983,32523
2013-11-25,2020.0,2075.0,2010.0,2075.0,1979.27063,51717
2013-11-26,2100.0,2160.0,2060.0,2105.0,2007.886597,54399
2013-11-27,2120.0,2205.0,2115.0,2175.0,2074.657227,59774
2013-11-28,2185.0,2220.0,2180.0,2200.0,2098.503906,47896
2013-11-29,2180.0,2205.0,2155.0,2195.0,2093.734619,89929
2013-12-02,2195.0,2210.0,2155.0,2190.0,2088.965088,42080
2013-12-03,2190.0,2225.0,2135.0,2195.0,2093.734619,39457
2013-12-04,2170.0,2200.0,2125.0,2140.0,2041.271973,33145
2013-12-05,2130.0,2155.0,2090.0,2125.0,2026.963989,49436
2013-12-06,2130.0,2195.0,2110.0,2190.0,2088.965088,27229
2013-12-09,2225.0,2225.0,2130.0,2145.0,2046.04126,19972
2013-12-10,2150.0,2155.0,2080.0,2120.0,2022.194702,44129
2013-12-11,2120.0,2140.0,2080.0,2080.0,1984.040039,30444
2013-12-12,2070.0,2115.0,2065.0,2110.0,2012.655884,15001
2013-12-13,2110.0,2115.0,2045.0,2100.0,2003.11731,35964
2013-12-16,2075.0,2100.0,2045.0,2090.0,1993.578613,54558
2013-12-17,2070.0,2165.0,2025.0,2025.0,1931.577393,72415
2013-12-18,2045.0,2050.0,2015.0,2040.0,1945.885254,26995
2013-12-19,2055.0,2065.0,2000.0,2000.0,1907.730713,43156
2013-12-20,1980.0,2030.0,1980.0,2005.0,1912.5,17336
2013-12-23,2010.0,2020.0,1985.0,1990.0,1898.192139,60710
2013-12-24,2010.0,2035.0,1990.0,2005.0,1912.5,47154
2013-12-26,2005.0,2025.0,2005.0,2005.0,1912.5,50159
2013-12-27,2005.0,2025.0,1980.0,2025.0,1980.978271,27585
2013-12-30,2045.0,2070.0,2015.0,2060.0,2015.217407,41544
2014-01-02,2060.0,2085.0,2005.0,2010.0,1966.304321,84892
2014-01-03,2020.0,2030.0,1985.0,2015.0,1971.195679,32930
2014-01-06,2015.0,2070.0,2015.0,2070.0,2025.0,15367
2014-01-07,2040.0,2105.0,2040.0,2055.0,2010.32605,9784
2014-01-08,2055.0,2075.0,2050.0,2055.0,2010.32605,31122
2014-01-09,2060.0,2070.0,2040.0,2060.0,2015.217407,32656
2014-01-10,2060.0,2100.0,2035.0,2045.0,2000.543457,36824
2014-01-13,2050.0,2065.0,2030.0,2055.0,2010.32605,36844
2014-01-14,2060.0,2180.0,2025.0,2140.0,2093.478271,54552
2014-01-15,2125.0,2165.0,2105.0,2130.0,2083.695557,35585
2014-01-16,2135.0,2135.0,2100.0,2115.0,2069.021729,36252
2014-01-17,2115.0,2150.0,2080.0,2080.0,2034.782593,47663
2014-01-20,2080.0,2120.0,2080.0,2080.0,2034.782593,37575
2014-01-21,2085.0,2160.0,2070.0,2150.0,2103.260986,87871
2014-01-22,2150.0,2340.0,2130.0,2255.0,2205.978271,307855
2014-01-23,2255.0,2300.0,2215.0,2220.0,2171.739258,56837
2014-01-24,2220.0,2270.0,2150.0,2200.0,2152.173828,42246
2014-01-27,2155.0,2185.0,2085.0,2110.0,2064.130371,67078
2014-01-28,2110.0,2110.0,2045.0,2090.0,2044.565186,29659
2014-01-29,2100.0,2195.0,2080.0,2155.0,2108.1521,60090
2014-02-03,2155.0,2170.0,2095.0,2120.0,2073.913086,51931
2014-02-04,2085.0,2095.0,2040.0,2070.0,2025.0,57250
2014-02-05,2075.0,2100.0,2065.0,2065.0,2020.108765,45208
2014-02-06,2085.0,2090.0,2050.0,2070.0,2025.0,45533
2014-02-07,2075.0,2095.0,2075.0,2095.0,2049.456543,52150
2014-02-10,2100.0,2115.0,2080.0,2095.0,2049.456543,46028
2014-02-11,2100.0,2150.0,2090.0,2135.0,2088.586914,85223
2014-02-12,2140.0,2180.0,2130.0,2135.0,2088.586914,65923
2014-02-13,2140.0,2175.0,2115.0,2115.0,2069.021729,71796
2014-02-14,2130.0,2250.0,2120.0,2250.0,2201.086914,261593
2014-02-17,2315.0,2400.0,2170.0,2170.0,2122.826172,569391
2014-02-18,2190.0,2225.0,2150.0,2225.0,2176.630371,139968
2014-02-19,2225.0,2265.0,2195.0,2230.0,2181.521729,94462
2014-02-20,2210.0,2235.0,2185.0,2195.0,2147.282715,101967
2014-02-21,2205.0,2255.0,2180.0,2210.0,2161.956543,97290
2014-02-24,2210.0,2220.0,2170.0,2180.0,2132.608643,119256
2014-02-25,2190.0,2205.0,2165.0,2170.0,2122.826172,69453
2014-02-26,2190.0,2230.0,2170.0,2215.0,2166.8479,77803
2014-02-27,2210.0,2240.0,2190.0,2240.0,2191.304443,91436
2014-02-28,2245.0,2250.0,2215.0,2230.0,2181.521729,59968
2014-03-03,2230.0,2240.0,2190.0,2200.0,2152.173828,50146
2014-03-04,2185.0,2215.0,2150.0,2180.0,2132.608643,65995
2014-03-05,2185.0,2200.0,2180.0,2200.0,2152.173828,21354
2014-03-06,2185.0,2220.0,2165.0,2185.0,2137.5,33483
2014-03-07,2190.0,2330.0,2190.0,2270.0,2220.6521,350198
2014-03-10,2290.0,2370.0,2275.0,2355.0,2303.804443,304571
2014-03-11,2385.0,2390.0,2345.0,2360.0,2308.695557,246676
2014-03-12,2335.0,2385.0,2320.0,2335.0,2284.239258,178334
2014-03-13,2335.0,2465.0,2335.0,2410.0,2357.608643,262213
2014-03-14,2400.0,2435.0,2380.0,2410.0,2357.608643,123059
2014-03-17,2395.0,2445.0,2335.0,2345.0,2294.021729,155793
2014-03-18,2360.0,2405.0,2340.0,2385.0,2333.1521,59498
2014-03-19,2390.0,2430.0,2380.0,2390.0,2338.043457,78767
2014-03-20,2400.0,2425.0,2360.0,2400.0,2347.826172,19419
2014-03-21,2465.0,2465.0,2300.0,2425.0,2372.282715,148683
2014-03-24,2425.0,2425.0,2360.0,2380.0,2328.260986,46937
2014-03-25,2370.0,2385.0,2320.0,2355.0,2303.804443,72052
2014-03-26,2360.0,2395.0,2355.0,2385.0,2333.1521,60021
2014-03-27,2385.0,2385.0,2330.0,2330.0,2279.3479,33977
2014-03-28,2350.0,2375.0,2320.0,2345.0,2294.021729,56641
2014-03-31,2355.0,2375.0,2280.0,2320.0,2269.565186,59968
2014-04-01,2330.0,2370.0,2310.0,2360.0,2308.695557,68799
2014-04-02,2355.0,2375.0,2330.0,2340.0,2289.130371,30110
2014-04-03,2345.0,2375.0,2280.0,2300.0,2250.0,85148
2014-04-04,2320.0,2345.0,2285.0,2330.0,2279.3479,74662
2014-04-07,2335.0,2380.0,2265.0,2375.0,2323.369629,141600
2014-04-08,2370.0,2460.0,2360.0,2435.0,2382.065186,154821
2014-04-09,2435.0,2450.0,2395.0,2395.0,2342.934814,83485
2014-04-10,2420.0,2460.0,2400.0,2410.0,2357.608643,85367
2014-04-11,2380.0,2430.0,2370.0,2420.0,2367.391357,56873
2014-04-14,2410.0,2450.0,2390.0,2415.0,2362.5,74314
2014-04-15,2425.0,2430.0,2375.0,2395.0,2342.934814,45940
2014-04-16,2415.0,2435.0,2365.0,2390.0,2338.043457,74960
2014-04-17,2410.0,2440.0,2385.0,2415.0,2362.5,95517
2014-04-18,2415.0,2445.0,2410.0,2410.0,2357.608643,45265
2014-04-21,2410.0,2430.0,2385.0,2410.0,2357.608643,45372
2014-04-22,2410.0,2450.0,2375.0,2440.0,2386.956543,90498
2014-04-23,2465.0,2730.0,2450.0,2485.0,2430.978271,929432
2014-04-24,2505.0,2640.0,2440.0,2585.0,2528.804443,282383
2014-04-25,2585.0,2655.0,2555.0,2620.0,2563.043457,251189
2014-04-28,2600.0,2630.0,2555.0,2600.0,2543.478271,120449
2014-04-29,2600.0,2665.0,2580.0,2655.0,2597.282715,118654
2014-04-30,2660.0,2685.0,2625.0,2650.0,2592.391357,85643
2014-05-02,2650.0,2660.0,2550.0,2550.0,2494.565186,73235
2014-05-07,2550.0,2550.0,2480.0,2495.0,2440.760986,64691
2014-05-08,2500.0,2520.0,2405.0,2475.0,2421.195557,72297
2014-05-09,2475.0,2580.0,2475.0,2550.0,2494.565186,41509
2014-05-12,2550.0,2580.0,2500.0,2565.0,2509.239258,30302
2014-05-13,2565.0,2580.0,2525.0,2535.0,2479.891357,47462
2014-05-14,2535.0,2600.0,2515.0,2600.0,2543.478271,68015
2014-05-15,2605.0,2650.0,2590.0,2590.0,2533.695557,53211
2014-05-16,2590.0,2610.0,2520.0,2540.0,2484.782715,64636
2014-05-19,2540.0,2625.0,2410.0,2430.0,2377.173828,174371
2014-05-20,2440.0,2480.0,2345.0,2415.0,2362.5,79445
2014-05-21,2415.0,2470.0,2405.0,2435.0,2382.065186,28637
2014-05-22,2440.0,2530.0,2415.0,2490.0,2435.869629,59084
2014-05-23,2530.0,2530.0,2445.0,2445.0,2391.8479,40949
2014-05-26,2455.0,2485.0,2410.0,2410.0,2357.608643,31069
2014-05-27,2420.0,2460.0,2320.0,2380.0,2328.260986,70918
2014-05-28,2390.0,2735.0,2320.0,2735.0,2675.543457,335713
2014-05-29,3035.0,3120.0,2860.0,2950.0,2885.869629,2265897
2014-05-30,3005.0,3180.0,2885.0,2945.0,2880.978271,980253
2014-06-02,3005.0,3170.0,2965.0,3010.0,2944.565186,767601
2014-06-03,3080.0,3235.0,3010.0,3040.0,2973.913086,1126410
2014-06-05,3040.0,3120.0,2885.0,2915.0,2851.630371,431067
2014-06-09,2915.0,3045.0,2915.0,3005.0,2939.673828,287365
2014-06-10,3050.0,3365.0,3025.0,3215.0,3145.108643,2106358
2014-06-11,3220.0,3335.0,3170.0,3335.0,3262.5,966264
2014-06-12,3450.0,3550.0,3275.0,3305.0,3233.1521,1176710
2014-06-13,3340.0,3365.0,3225.0,3365.0,3291.8479,349924
2014-06-16,3360.0,3410.0,3280.0,3285.0,3213.586914,344463
2014-06-17,3310.0,3325.0,3190.0,3190.0,3120.6521,289741
2014-06-18,3240.0,3255.0,3135.0,3220.0,3150.0,303571
2014-06-19,3215.0,3285.0,3105.0,3125.0,3057.065186,339681
2014-06-20,3125.0,3130.0,3015.0,3075.0,3008.1521,334630
2014-06-23,3095.0,3095.0,2870.0,2945.0,2880.978271,575902
2014-06-24,2950.0,2975.0,2830.0,2975.0,2910.326172,482016
2014-06-25,2925.0,2995.0,2910.0,2980.0,2915.217285,148383
2014-06-26,2980.0,3025.0,2945.0,2970.0,2905.434814,176795
2014-06-27,2995.0,3015.0,2930.0,2940.0,2876.086914,138473
2014-06-30,2970.0,3000.0,2910.0,2955.0,2890.760986,127459
2014-07-01,2955.0,3070.0,2955.0,3015.0,2949.456543,242082
2014-07-02,3055.0,3080.0,3010.0,3080.0,3013.043457,163117
2014-07-03,3130.0,3165.0,3055.0,3065.0,2998.369629,272487
2014-07-04,3090.0,3100.0,3040.0,3070.0,3003.260986,137159
2014-07-07,3070.0,3085.0,2885.0,2895.0,2832.065186,344648
2014-07-08,2920.0,2965.0,2860.0,2900.0,2836.956543,224511
2014-07-09,2900.0,2910.0,2820.0,2905.0,2841.8479,244647
2014-07-10,2900.0,2980.0,2885.0,2960.0,2895.6521,108950
2014-07-11,2965.0,3120.0,2910.0,3075.0,3008.1521,321273
2014-07-14,3090.0,3130.0,3035.0,3055.0,2988.586914,247976
2014-07-15,3095.0,3265.0,3050.0,3055.0,2988.586914,488834
2014-07-16,3045.0,3135.0,3010.0,3135.0,3066.8479,262734
2014-07-17,3155.0,3220.0,3090.0,3100.0,3032.608643,256627
2014-07-18,3060.0,3125.0,3055.0,3115.0,3047.282715,78541
2014-07-21,3240.0,3265.0,3110.0,3135.0,3066.8479,254442
2014-07-22,3175.0,3250.0,3145.0,3250.0,3179.3479,147453
2014-07-23,3300.0,3330.0,3160.0,3160.0,3091.304443,213943
2014-07-24,3200.0,3200.0,3045.0,3050.0,2983.695557,292037
2014-07-25,3060.0,3080.0,2995.0,3005.0,2939.673828,145829
2014-07-28,2985.0,3020.0,2895.0,2925.0,2861.413086,151837
2014-07-29,2920.0,2945.0,2850.0,2900.0,2836.956543,127839
2014-07-30,2880.0,2970.0,2860.0,2950.0,2885.869629,119817
2014-07-31,2945.0,3000.0,2870.0,2940.0,2876.086914,115441
2014-08-01,2905.0,2975.0,2855.0,2950.0,2885.869629,57365
2014-08-04,2940.0,3000.0,2895.0,2985.0,2920.108643,72412
2014-08-05,3010.0,3070.0,2950.0,2980.0,2915.217285,148726
2014-08-06,2975.0,3035.0,2920.0,2960.0,2895.6521,81212
2014-08-07,2960.0,3045.0,2940.0,3030.0,2964.130371,157530
2014-08-08,3040.0,3210.0,3030.0,3165.0,3096.195557,504881
2014-08-11,3190.0,3235.0,3100.0,3165.0,3096.195557,226873
2014-08-12,3180.0,3215.0,3130.0,3205.0,3135.326172,222228
2014-08-13,3195.0,3235.0,3145.0,3180.0,3110.869629,143904
2014-08-14,3190.0,3200.0,3005.0,3105.0,3037.5,171284
2014-08-18,3105.0,3115.0,3015.0,3090.0,3022.826172,92707
2014-08-19,3090.0,3265.0,3090.0,3260.0,3189.130371,254251
2014-08-20,3280.0,3440.0,3265.0,3325.0,3252.717529,621531
2014-08-21,3360.0,3395.0,3290.0,3345.0,3272.282715,184563
2014-08-22,3360.0,3380.0,3290.0,3375.0,3301.630371,185478
2014-08-25,3330.0,3370.0,3115.0,3120.0,3052.173828,288751
2014-08-26,3110.0,3190.0,3095.0,3130.0,3061.956543,164679
2014-08-27,3135.0,3155.0,2965.0,2970.0,2905.434814,308287
2014-08-28,2970.0,3015.0,2885.0,2950.0,2885.869629,255715
2014-08-29,2950.0,2985.0,2510.0,2560.0,2504.3479,1788840
2014-09-01,2580.0,2595.0,2435.0,2475.0,2421.195557,490561
2014-09-02,2495.0,2495.0,2425.0,2440.0,2386.956543,223187
2014-09-03,2435.0,2480.0,2410.0,2415.0,2362.5,227397
2014-09-04,2425.0,2445.0,2320.0,2370.0,2318.478271,263203
2014-09-05,2365.0,2410.0,2360.0,2385.0,2333.1521,112531
2014-09-11,2385.0,2425.0,2380.0,2390.0,2338.043457,109537
2014-09-12,2395.0,2420.0,2375.0,2380.0,2328.260986,115709
2014-09-15,2400.0,2400.0,2345.0,2345.0,2294.021729,107644
2014-09-16,2330.0,2440.0,2330.0,2440.0,2386.956543,148077
2014-09-17,2435.0,2445.0,2390.0,2400.0,2347.826172,77821
2014-09-18,2415.0,2425.0,2395.0,2415.0,2362.5,56887
2014-09-19,2415.0,2435.0,2400.0,2410.0,2357.608643,65081
2014-09-22,2415.0,2480.0,2410.0,2440.0,2386.956543,96536
2014-09-23,2420.0,2455.0,2410.0,2440.0,2386.956543,83412
2014-09-24,2440.0,2475.0,2435.0,2445.0,2391.8479,78912
2014-09-25,2465.0,2470.0,2420.0,2430.0,2377.173828,77372
2014-09-26,2420.0,2455.0,2420.0,2440.0,2386.956543,106701
2014-09-29,2460.0,2520.0,2450.0,2480.0,2426.086914,269610
2014-09-30,2475.0,2510.0,2460.0,2495.0,2440.760986,103338
2014-10-01,2505.0,2645.0,2450.0,2645.0,2587.5,297103
2014-10-02,2605.0,2690.0,2600.0,2670.0,2611.956543,247597
2014-10-06,2670.0,2730.0,2625.0,2630.0,2572.826172,224741
2014-10-07,2650.0,3005.0,2650.0,2840.0,2778.260986,1254635
2014-10-08,2810.0,2950.0,2770.0,2850.0,2788.043457,287162
2014-10-10,2850.0,2945.0,2795.0,2925.0,2861.413086,341217
2014-10-13,2895.0,2910.0,2700.0,2775.0,2714.673828,276719
2014-10-14,2775.0,2800.0,2635.0,2765.0,2704.891357,276427
2014-10-15,2710.0,2760.0,2615.0,2630.0,2572.826172,138715
2014-10-16,2635.0,2645.0,2420.0,2490.0,2435.869629,210238
2014-10-17,2490.0,2540.0,2425.0,2500.0,2445.6521,168633
2014-10-20,2510.0,2570.0,2495.0,2540.0,2484.782715,126117
2014-10-21,2525.0,2540.0,2465.0,2465.0,2411.413086,97198
2014-10-22,2490.0,2535.0,2470.0,2510.0,2455.434814,151609
2014-10-23,2530.0,2575.0,2430.0,2430.0,2377.173828,160561
2014-10-24,2435.0,2480.0,2390.0,2415.0,2362.5,141537
2014-10-27,2415.0,2455.0,2380.0,2440.0,2386.956543,81140
2014-10-28,2440.0,2460.0,2405.0,2440.0,2386.956543,52092
2014-10-29,2425.0,2460.0,2390.0,2390.0,2338.043457,80020
2014-10-30,2390.0,2415.0,2310.0,2350.0,2298.913086,112471
2014-10-31,2340.0,2375.0,2335.0,2340.0,2289.130371,53474
2014-11-03,2340.0,2390.0,2305.0,2310.0,2259.782715,184373
2014-11-04,2315.0,2340.0,2155.0,2265.0,2215.760986,170034
2014-11-05,2245.0,2305.0,2235.0,2280.0,2230.434814,49553
2014-11-06,2255.0,2340.0,2245.0,2340.0,2289.130371,75602
2014-11-07,2335.0,2440.0,2305.0,2440.0,2386.956543,112276
2014-11-10,2460.0,2500.0,2440.0,2485.0,2430.978271,86457
2014-11-11,2485.0,2505.0,2435.0,2475.0,2421.195557,62181
2014-11-12,2470.0,2505.0,2440.0,2505.0,2450.543457,44299
2014-11-13,2505.0,2505.0,2435.0,2480.0,2426.086914,102762
2014-11-14,2460.0,2475.0,2335.0,2350.0,2298.913086,174315
2014-11-17,2330.0,2365.0,2240.0,2240.0,2191.304443,182962
2014-11-18,2225.0,2255.0,2185.0,2205.0,2157.065186,198355
2014-11-19,2210.0,2230.0,2135.0,2165.0,2117.934814,270058
2014-11-20,2165.0,2210.0,2150.0,2210.0,2161.956543,68861
2014-11-21,2210.0,2240.0,2190.0,2225.0,2176.630371,84342
2014-11-24,2230.0,2270.0,2215.0,2230.0,2181.521729,58330
2014-11-25,2220.0,2245.0,2210.0,2245.0,2196.195557,58224
2014-11-26,2240.0,2250.0,2190.0,2205.0,2157.065186,145646
2014-11-27,2210.0,2245.0,2180.0,2215.0,2166.8479,55235
2014-11-28,2220.0,2240.0,2180.0,2185.0,2137.5,317492
2014-12-01,2170.0,2200.0,2080.0,2110.0,2064.130371,119743
2014-12-02,2090.0,2120.0,2065.0,2080.0,2034.782593,74271
2014-12-03,2105.0,2185.0,2080.0,2185.0,2137.5,71880
2014-12-04,2185.0,2190.0,2140.0,2185.0,2137.5,51294
2014-12-05,2165.0,2210.0,2165.0,2195.0,2147.282715,26400
2014-12-08,2195.0,2240.0,2180.0,2235.0,2186.413086,73314
2014-12-09,2215.0,2245.0,2135.0,2235.0,2186.413086,80311
2014-12-10,2235.0,2285.0,2205.0,2285.0,2235.326172,63514
2014-12-11,2290.0,2290.0,2225.0,2250.0,2201.086914,51542
2014-12-12,2275.0,2275.0,2210.0,2275.0,2225.543457,53525
2014-12-15,2200.0,2270.0,2160.0,2235.0,2186.413086,36702
2014-12-16,2230.0,2230.0,2155.0,2205.0,2157.065186,65993
2014-12-17,2205.0,2250.0,2185.0,2245.0,2196.195557,46219
2014-12-18,2250.0,2270.0,2165.0,2215.0,2166.8479,37743
2014-12-19,2215.0,2240.0,2200.0,2225.0,2176.630371,23428
2014-12-22,2225.0,2240.0,2175.0,2200.0,2152.173828,62887
2014-12-23,2200.0,2205.0,2150.0,2195.0,2147.282715,58354
2014-12-24,2170.0,2375.0,2170.0,2270.0,2220.6521,110663
2014-12-26,2270.0,2305.0,2270.0,2300.0,2250.0,72487
2014-12-29,2280.0,2290.0,2220.0,2285.0,2285.0,16873
2014-12-30,2255.0,2275.0,2230.0,2275.0,2275.0,15945
2015-01-02,2275.0,2290.0,2220.0,2260.0,2260.0,30281
2015-01-05,2230.0,2260.0,2215.0,2240.0,2240.0,52630
2015-01-06,2240.0,2240.0,2200.0,2220.0,2220.0,38153
2015-01-07,2205.0,2250.0,2200.0,2235.0,2235.0,36435
2015-01-08,2235.0,2240.0,2180.0,2205.0,2205.0,85633
2015-01-09,2220.0,2255.0,2220.0,2250.0,2250.0,89413
2015-01-12,2250.0,2370.0,2250.0,2335.0,2335.0,143496
2015-01-13,2335.0,2385.0,2315.0,2360.0,2360.0,134005
2015-01-14,2355.0,2370.0,2310.0,2345.0,2345.0,62980
2015-01-15,2345.0,2350.0,2320.0,2350.0,2350.0,26723
2015-01-16,2340.0,2365.0,2315.0,2330.0,2330.0,62049
2015-01-19,2330.0,2415.0,2305.0,2370.0,2370.0,126761
2015-01-20,2390.0,2435.0,2365.0,2380.0,2380.0,92871
2015-01-21,2395.0,2400.0,2350.0,2390.0,2390.0,76776
2015-01-22,2390.0,2400.0,2320.0,2345.0,2345.0,55795
2015-01-23,2345.0,2365.0,2320.0,2365.0,2365.0,34382
2015-01-26,2385.0,2385.0,2310.0,2320.0,2320.0,55284
2015-01-27,2320.0,2350.0,2315.0,2320.0,2320.0,23343
2015-01-28,2300.0,2340.0,2275.0,2325.0,2325.0,76688
2015-01-29,2335.0,2335.0,2300.0,2325.0,2325.0,43602
2015-01-30,2350.0,2375.0,2300.0,2305.0,2305.0,61396
2015-02-02,2290.0,2350.0,2270.0,2305.0,2305.0,39139
2015-02-03,2315.0,2360.0,2310.0,2360.0,2360.0,45767
2015-02-04,2360.0,2450.0,2360.0,2430.0,2430.0,70947
2015-02-05,2430.0,2445.0,2365.0,2425.0,2425.0,65930
2015-02-06,2415.0,2605.0,2415.0,2550.0,2550.0,147631
2015-02-09,2525.0,2560.0,2455.0,2455.0,2455.0,100599
2015-02-10,2445.0,2480.0,2430.0,2470.0,2470.0,52492
2015-02-11,2480.0,2480.0,2425.0,2435.0,2435.0,70130
2015-02-12,2435.0,2470.0,2400.0,2430.0,2430.0,37264
2015-02-13,2435.0,2455.0,2415.0,2430.0,2430.0,50005
2015-02-16,2445.0,2450.0,2415.0,2420.0,2420.0,55010
2015-02-17,2420.0,2440.0,2370.0,2425.0,2425.0,66021
2015-02-23,2425.0,2440.0,2400.0,2430.0,2430.0,58695
2015-02-24,2510.0,2755.0,2490.0,2620.0,2620.0,1190944
2015-02-25,2630.0,2665.0,2595.0,2630.0,2630.0,167230
2015-02-26,2650.0,2690.0,2620.0,2660.0,2660.0,145127
2015-02-27,2670.0,2670.0,2490.0,2500.0,2500.0,296499
2015-03-02,2505.0,2560.0,2500.0,2505.0,2505.0,136072
2015-03-03,2530.0,2655.0,2530.0,2590.0,2590.0,146993
2015-03-04,2580.0,2685.0,2560.0,2620.0,2620.0,141821
2015-03-05,2630.0,2700.0,2590.0,2630.0,2630.0,157934
2015-03-06,2630.0,2755.0,2630.0,2700.0,2700.0,229569
2015-03-09,2710.0,2780.0,2645.0,2730.0,2730.0,143117
2015-03-10,2710.0,2760.0,2610.0,2660.0,2660.0,166433
2015-03-11,2660.0,2785.0,2645.0,2760.0,2760.0,152418
2015-03-12,2790.0,2815.0,2715.0,2765.0,2765.0,63838
2015-03-13,2780.0,2825.0,2535.0,2585.0,2585.0,296917
2015-03-16,2615.0,2630.0,2560.0,2620.0,2620.0,110238
2015-03-17,2620.0,2655.0,2570.0,2600.0,2600.0,64422
2015-03-18,2600.0,2615.0,2505.0,2505.0,2505.0,127818
2015-03-19,2520.0,2545.0,2500.0,2535.0,2535.0,65841
2015-03-20,2520.0,2590.0,2520.0,2580.0,2580.0,95415
2015-03-23,2610.0,2650.0,2580.0,2620.0,2620.0,103631
2015-03-24,2620.0,2665.0,2600.0,2635.0,2635.0,53353
2015-03-25,2635.0,2665.0,2620.0,2640.0,2640.0,66735
2015-03-26,2635.0,2660.0,2580.0,2580.0,2580.0,92790
2015-03-27,2585.0,2600.0,2510.0,2560.0,2560.0,85571
2015-03-30,2585.0,2640.0,2580.0,2615.0,2615.0,101469
2015-03-31,2630.0,2640.0,2580.0,2590.0,2590.0,126648
2015-04-01,2580.0,2590.0,2525.0,2550.0,2550.0,103785
2015-04-02,2550.0,2615.0,2540.0,2615.0,2615.0,140754
2015-04-03,2640.0,2640.0,2595.0,2620.0,2620.0,59039
2015-04-06,2620.0,2675.0,2610.0,2630.0,2630.0,86432
2015-04-07,2650.0,2695.0,2625.0,2640.0,2640.0,156153
2015-04-08,2665.0,2685.0,2635.0,2640.0,2640.0,57510
2015-04-09,2670.0,2680.0,2650.0,2680.0,2680.0,67366
2015-04-10,2680.0,2880.0,2680.0,2745.0,2745.0,426503
2015-04-13,2780.0,2780.0,2675.0,2700.0,2700.0,212207
2015-04-14,2730.0,2730.0,2635.0,2675.0,2675.0,194170
2015-04-15,2670.0,2720.0,2670.0,2685.0,2685.0,111777
2015-04-16,2700.0,2720.0,2675.0,2690.0,2690.0,100617
2015-04-17,2700.0,2710.0,2665.0,2700.0,2700.0,120211
2015-04-20,2695.0,2740.0,2625.0,2675.0,2675.0,175413
2015-04-21,2695.0,2695.0,2640.0,2670.0,2670.0,173870
2015-04-22,2690.0,2690.0,2550.0,2620.0,2620.0,176251
2015-04-23,2620.0,2630.0,2550.0,2590.0,2590.0,169991
2015-04-24,2590.0,2600.0,2495.0,2515.0,2515.0,166405
2015-04-27,2515.0,2550.0,2495.0,2545.0,2545.0,90224
2015-04-28,2545.0,2565.0,2425.0,2460.0,2460.0,277169
2015-04-29,2445.0,2500.0,2395.0,2420.0,2420.0,221029
2015-04-30,2425.0,2430.0,2335.0,2385.0,2385.0,203135
2015-05-04,2385.0,2395.0,2290.0,2310.0,2310.0,144980
2015-05-06,2310.0,2310.0,2215.0,2215.0,2215.0,131548
2015-05-07,2235.0,2380.0,2215.0,2360.0,2360.0,133382
2015-05-08,2365.0,2420.0,2300.0,2310.0,2310.0,262397
2015-05-11,2325.0,2335.0,2295.0,2325.0,2325.0,77232
2015-05-12,2320.0,2370.0,2290.0,2315.0,2315.0,145376
2015-05-13,2330.0,2330.0,2290.0,2315.0,2315.0,92808
2015-05-14,2320.0,2320.0,2290.0,2310.0,2310.0,59361
2015-05-15,2315.0,2360.0,2315.0,2320.0,2320.0,99789
2015-05-18,2280.0,2280.0,2060.0,2100.0,2100.0,443765
2015-05-19,2085.0,2115.0,2040.0,2090.0,2090.0,136240
2015-05-20,2090.0,2145.0,2085.0,2130.0,2130.0,82280
2015-05-21,2125.0,2160.0,2060.0,2070.0,2070.0,129455
2015-05-22,2075.0,2105.0,2050.0,2085.0,2085.0,57822
2015-05-26,2085.0,2110.0,2070.0,2085.0,2085.0,116460
2015-05-27,2090.0,2135.0,2045.0,2075.0,2075.0,60806
2015-05-28,2075.0,2120.0,2065.0,2065.0,2065.0,76627
2015-05-29,2075.0,2100.0,2055.0,2100.0,2100.0,70602
2015-06-01,2100.0,2100.0,2025.0,2065.0,2065.0,74913
2015-06-02,2070.0,2085.0,2015.0,2025.0,2025.0,69136
2015-06-03,2005.0,2070.0,2005.0,2040.0,2040.0,36169
2015-06-04,2080.0,2085.0,2020.0,2025.0,2025.0,29333
2015-06-05,2025.0,2045.0,1935.0,2010.0,2010.0,100063
2015-06-08,2010.0,2035.0,1980.0,2005.0,2005.0,12765
2015-06-09,1980.0,2005.0,1980.0,2000.0,2000.0,17879
2015-06-10,1995.0,2065.0,1995.0,2040.0,2040.0,28944
2015-06-11,2065.0,2065.0,2010.0,2035.0,2035.0,19505
2015-06-12,2020.0,2045.0,1970.0,1985.0,1985.0,39888
2015-06-15,1985.0,2000.0,1965.0,2000.0,2000.0,14126
2015-06-16,2000.0,2015.0,1875.0,1885.0,1885.0,111196
2015-06-17,1910.0,1940.0,1890.0,1905.0,1905.0,33090
2015-06-18,1905.0,1940.0,1905.0,1930.0,1930.0,25907
2015-06-19,1925.0,1945.0,1905.0,1920.0,1920.0,28366
2015-06-22,1920.0,1945.0,1910.0,1920.0,1920.0,21813
2015-06-23,1935.0,1965.0,1920.0,1950.0,1950.0,63746
2015-06-24,1950.0,2025.0,1950.0,1990.0,1990.0,32427
2015-06-25,2000.0,2005.0,1980.0,2000.0,2000.0,56834
2015-06-26,1990.0,2015.0,1970.0,1980.0,1980.0,41970
2015-06-29,1955.0,1975.0,1905.0,1915.0,1915.0,42907
2015-06-30,1875.0,1970.0,1870.0,1915.0,1915.0,57175
2015-07-01,1920.0,1965.0,1915.0,1960.0,1960.0,35068
2015-07-02,1970.0,1990.0,1950.0,1970.0,1970.0,28402
2015-07-03,1965.0,1985.0,1950.0,1980.0,1980.0,24246
2015-07-06,1980.0,1980.0,1900.0,1905.0,1905.0,76278
2015-07-07,1905.0,1925.0,1865.0,1880.0,1880.0,109436
2015-07-08,1885.0,1960.0,1885.0,1935.0,1935.0,54323
2015-07-09,1920.0,1935.0,1860.0,1890.0,1890.0,105553
2015-07-10,1895.0,1910.0,1860.0,1885.0,1885.0,48688
2015-07-13,1890.0,1920.0,1890.0,1910.0,1910.0,29652
2015-07-14,1925.0,1960.0,1920.0,1930.0,1930.0,42344
2015-07-15,1930.0,1980.0,1930.0,1975.0,1975.0,38759
2015-07-16,1980.0,2000.0,1960.0,1995.0,1995.0,25716
2015-07-17,2010.0,2015.0,1970.0,2000.0,2000.0,44401
2015-07-20,2005.0,2045.0,1975.0,1980.0,1980.0,57217
2015-07-21,1980.0,2025.0,1975.0,1995.0,1995.0,29775
2015-07-22,2000.0,2000.0,1950.0,1955.0,1955.0,74710
2015-07-23,1955.0,1985.0,1940.0,1950.0,1950.0,46692
2015-07-24,1950.0,1995.0,1930.0,1975.0,1975.0,49039
2015-07-27,1960.0,1975.0,1920.0,1925.0,1925.0,48598
2015-07-28,1925.0,2025.0,1895.0,1955.0,1955.0,156852
2015-07-29,1965.0,2345.0,1960.0,2080.0,2080.0,1326646
2015-07-30,2060.0,2235.0,2020.0,2020.0,2020.0,710169
2015-07-31,2035.0,2170.0,2020.0,2055.0,2055.0,381544
2015-08-03,2120.0,2215.0,2090.0,2210.0,2210.0,614189
2015-08-04,2255.0,2330.0,2140.0,2165.0,2165.0,635298
2015-08-05,2170.0,2175.0,2100.0,2130.0,2130.0,178524
2015-08-06,2140.0,2145.0,2070.0,2090.0,2090.0,139093
2015-08-07,2100.0,2125.0,2055.0,2080.0,2080.0,84300
2015-08-10,2070.0,2110.0,2030.0,2095.0,2095.0,180285
2015-08-11,2115.0,2155.0,2040.0,2040.0,2040.0,162226
2015-08-12,2030.0,2050.0,1960.0,2010.0,2010.0,141985
2015-08-13,2010.0,2080.0,2000.0,2035.0,2035.0,54852
2015-08-14,2035.0,2035.0,2035.0,2035.0,2035.0,0
2015-08-17,2035.0,2060.0,1965.0,1965.0,1965.0,76027
2015-08-18,1980.0,2000.0,1910.0,1910.0,1910.0,108186
2015-08-19,1905.0,1910.0,1770.0,1770.0,1770.0,192684
2015-08-20,1760.0,1800.0,1725.0,1730.0,1730.0,88449
2015-08-21,1625.0,1660.0,1540.0,1570.0,1570.0,280233
2015-08-24,1500.0,1615.0,1485.0,1540.0,1540.0,81378
2015-08-25,1560.0,1610.0,1500.0,1600.0,1600.0,52207
2015-08-26,1600.0,1820.0,1600.0,1655.0,1655.0,209772
2015-08-27,1675.0,1720.0,1635.0,1690.0,1690.0,64309
2015-08-28,1705.0,1730.0,1700.0,1700.0,1700.0,35332
2015-08-31,1715.0,1715.0,1670.0,1670.0,1670.0,41018
2015-09-01,1675.0,1695.0,1650.0,1650.0,1650.0,44290
2015-09-02,1625.0,1660.0,1600.0,1635.0,1635.0,62225
2015-09-03,1645.0,1710.0,1645.0,1710.0,1710.0,53164
2015-09-04,1710.0,1730.0,1660.0,1660.0,1660.0,29445
2015-09-07,1660.0,1695.0,1645.0,1645.0,1645.0,21402
2015-09-08,1645.0,1680.0,1635.0,1650.0,1650.0,45447
2015-09-09,1670.0,1730.0,1670.0,1710.0,1710.0,24459
2015-09-10,1710.0,1725.0,1700.0,1705.0,1705.0,18037
2015-09-11,1720.0,1820.0,1700.0,1720.0,1720.0,120505
2015-09-14,1740.0,1760.0,1720.0,1720.0,1720.0,24055
2015-09-15,1725.0,1830.0,1725.0,1760.0,1760.0,73665
2015-09-16,1780.0,1820.0,1780.0,1800.0,1800.0,59597
2015-09-17,1800.0,1835.0,1785.0,1820.0,1820.0,32522
2015-09-18,1825.0,1845.0,1785.0,1785.0,1785.0,35162
2015-09-21,1765.0,1800.0,1705.0,1725.0,1725.0,135080
2015-09-22,1735.0,1765.0,1725.0,1760.0,1760.0,42005
2015-09-23,1745.0,1760.0,1705.0,1760.0,1760.0,53684
2015-09-24,1760.0,1820.0,1755.0,1815.0,1815.0,35997
2015-09-25,1795.0,1825.0,1790.0,1795.0,1795.0,31423
2015-09-30,1795.0,1825.0,1755.0,1770.0,1770.0,53106
2015-10-01,1785.0,1785.0,1760.0,1770.0,1770.0,26213
2015-10-02,1770.0,1810.0,1770.0,1795.0,1795.0,21851
2015-10-05,1810.0,1850.0,1785.0,1790.0,1790.0,62233
2015-10-06,1810.0,1830.0,1790.0,1800.0,1800.0,44716
2015-10-07,1810.0,1940.0,1810.0,1875.0,1875.0,180694
2015-10-08,1875.0,1905.0,1845.0,1850.0,1850.0,60296
2015-10-12,1850.0,2055.0,1850.0,1895.0,1895.0,456322
2015-10-13,1950.0,1950.0,1890.0,1900.0,1900.0,72510
2015-10-14,1895.0,1920.0,1855.0,1865.0,1865.0,76014
2015-10-15,1860.0,1920.0,1860.0,1875.0,1875.0,58336
2015-10-16,1890.0,1915.0,1860.0,1905.0,1905.0,60731
2015-10-19,1890.0,1910.0,1890.0,1910.0,1910.0,30539
2015-10-20,1910.0,1935.0,1885.0,1885.0,1885.0,36445
2015-10-21,1900.0,1955.0,1895.0,1920.0,1920.0,43927
2015-10-22,1940.0,1940.0,1850.0,1865.0,1865.0,72934
2015-10-23,1875.0,1895.0,1860.0,1880.0,1880.0,12621
2015-10-26,1880.0,1920.0,1850.0,1870.0,1870.0,24745
2015-10-27,1880.0,1885.0,1830.0,1845.0,1845.0,63444
2015-10-28,1835.0,1860.0,1785.0,1785.0,1785.0,81673
2015-10-29,1790.0,1840.0,1785.0,1820.0,1820.0,40419
2015-10-30,1820.0,1830.0,1780.0,1820.0,1820.0,25705
2015-11-02,1810.0,1840.0,1785.0,1790.0,1790.0,23789
2015-11-03,1825.0,1860.0,1795.0,1850.0,1850.0,40364
2015-11-04,1870.0,1875.0,1845.0,1870.0,1870.0,33548
2015-11-05,1875.0,1905.0,1840.0,1845.0,1845.0,21582
2015-11-06,1850.0,1885.0,1835.0,1840.0,1840.0,23642
2015-11-09,1840.0,1855.0,1780.0,1790.0,1790.0,42872
2015-11-10,1790.0,1790.0,1710.0,1720.0,1720.0,71913
2015-11-11,1720.0,1810.0,1720.0,1795.0,1795.0,40344
2015-11-12,1795.0,1800.0,1745.0,1770.0,1770.0,20195
2015-11-13,1740.0,1810.0,1720.0,1790.0,1790.0,16498
2015-11-16,1745.0,1900.0,1720.0,1860.0,1860.0,111477
2015-11-17,1900.0,2415.0,1900.0,2415.0,2415.0,1535172
2015-11-18,2400.0,2400.0,2140.0,2150.0,2150.0,3789765
2015-11-19,2190.0,2280.0,2110.0,2160.0,2160.0,1300268
2015-11-20,2170.0,2385.0,2000.0,2025.0,2025.0,1995791
2015-11-23,2065.0,2110.0,1995.0,2030.0,2030.0,400691
2015-11-24,2020.0,2065.0,1990.0,2030.0,2030.0,285688
2015-11-25,2035.0,2235.0,2010.0,2125.0,2125.0,971079
2015-11-26,2130.0,2610.0,2075.0,2260.0,2260.0,4996209
2015-11-27,2255.0,2315.0,2130.0,2140.0,2140.0,954685
2015-11-30,2140.0,2140.0,1995.0,2020.0,2020.0,690347
2015-12-01,2050.0,2085.0,2020.0,2040.0,2040.0,374194
2015-12-02,2065.0,2100.0,2020.0,2095.0,2095.0,251209
2015-12-03,2095.0,2450.0,2085.0,2095.0,2095.0,3311290
2015-12-04,2090.0,2260.0,2060.0,2195.0,2195.0,762711
2015-12-07,2200.0,2355.0,2165.0,2180.0,2180.0,727046
2015-12-08,2200.0,2800.0,2200.0,2390.0,2390.0,9555829
2015-12-09,2390.0,2500.0,2250.0,2395.0,2395.0,2001021
2015-12-10,2425.0,2765.0,2330.0,2500.0,2500.0,3603269
2015-12-11,2525.0,2615.0,2410.0,2475.0,2475.0,1059585
2015-12-14,2475.0,2475.0,2125.0,2155.0,2155.0,828710
2015-12-15,2150.0,2260.0,2115.0,2170.0,2170.0,474430
2015-12-16,2200.0,2220.0,2110.0,2110.0,2110.0,449155
2015-12-17,2140.0,2270.0,2140.0,2225.0,2225.0,317859
2015-12-18,2280.0,2280.0,2170.0,2215.0,2215.0,215995
2015-12-21,2185.0,2235.0,2160.0,2225.0,2225.0,156801
2015-12-22,2265.0,2265.0,2135.0,2180.0,2180.0,314392
2015-12-23,2180.0,2195.0,2080.0,2090.0,2090.0,457445
2015-12-24,2105.0,2180.0,2085.0,2115.0,2115.0,226991
2015-12-28,2115.0,2255.0,2115.0,2200.0,2200.0,326198
2015-12-29,2200.0,2235.0,2180.0,2220.0,2220.0,107434
2015-12-30,2225.0,2260.0,2180.0,2180.0,2180.0,118312
2016-01-04,2180.0,2215.0,2135.0,2165.0,2165.0,189034
2016-01-05,2125.0,2215.0,2105.0,2185.0,2185.0,129424
2016-01-06,2185.0,2275.0,2140.0,2235.0,2235.0,323483
2016-01-07,2205.0,2385.0,2205.0,2250.0,2250.0,913972
2016-01-08,2220.0,2360.0,2150.0,2320.0,2320.0,436126
2016-01-11,2320.0,2345.0,2255.0,2345.0,2345.0,268029
2016-01-12,2370.0,2440.0,2220.0,2220.0,2220.0,547457
2016-01-13,2235.0,2300.0,2230.0,2255.0,2255.0,244965
2016-01-14,2220.0,2280.0,2205.0,2250.0,2250.0,179771
2016-01-15,2285.0,2320.0,2185.0,2205.0,2205.0,168010
2016-01-18,2185.0,2205.0,2140.0,2165.0,2165.0,87382
2016-01-19,2135.0,2165.0,2095.0,2095.0,2095.0,191238
2016-01-20,2105.0,2170.0,2010.0,2035.0,2035.0,121524
2016-01-21,2010.0,2035.0,1930.0,1990.0,1990.0,113795
2016-01-22,1985.0,2035.0,1965.0,2010.0,2010.0,119564
2016-01-25,2010.0,2080.0,2010.0,2025.0,2025.0,92690
2016-01-26,2030.0,2055.0,1985.0,2010.0,2010.0,56363
2016-01-27,2000.0,2035.0,1980.0,2000.0,2000.0,59314
2016-01-28,2000.0,2030.0,1960.0,1995.0,1995.0,79099
2016-01-29,2005.0,2045.0,1990.0,1995.0,1995.0,59062
2016-02-01,1995.0,2090.0,1990.0,2085.0,2085.0,47242
2016-02-02,2085.0,2085.0,1995.0,2020.0,2020.0,51541
2016-02-03,1990.0,2020.0,1960.0,1980.0,1980.0,47721
2016-02-04,1980.0,2045.0,1970.0,2000.0,2000.0,45219
2016-02-05,2000.0,2050.0,1990.0,2000.0,2000.0,30663
2016-02-11,2000.0,2000.0,1900.0,1950.0,1950.0,116088
2016-02-12,1815.0,1880.0,1745.0,1805.0,1805.0,287361
2016-02-15,1760.0,1825.0,1760.0,1800.0,1800.0,50295
2016-02-16,1800.0,1865.0,1795.0,1855.0,1855.0,63597
2016-02-17,1855.0,1900.0,1820.0,1820.0,1820.0,34685
2016-02-18,1870.0,1965.0,1845.0,1895.0,1895.0,65830
2016-02-19,1895.0,1960.0,1895.0,1935.0,1935.0,31628
2016-02-22,1950.0,1990.0,1925.0,1955.0,1955.0,34715
2016-02-23,1945.0,1975.0,1900.0,1920.0,1920.0,39234
2016-02-24,1870.0,1895.0,1780.0,1795.0,1795.0,356845
2016-02-25,1810.0,1880.0,1800.0,1865.0,1865.0,143289
2016-02-26,1875.0,1875.0,1830.0,1865.0,1865.0,56622
2016-02-29,1850.0,1915.0,1840.0,1865.0,1865.0,20270
2016-03-02,1865.0,1910.0,1840.0,1875.0,1875.0,38890
2016-03-03,1875.0,1900.0,1845.0,1890.0,1890.0,42987
2016-03-04,1910.0,1910.0,1830.0,1860.0,1860.0,60632
2016-03-07,1860.0,1925.0,1860.0,1870.0,1870.0,52104
2016-03-08,1890.0,1910.0,1835.0,1880.0,1880.0,64847
2016-03-09,1900.0,1900.0,1855.0,1880.0,1880.0,21206
2016-03-10,1895.0,1895.0,1865.0,1880.0,1880.0,16182
2016-03-11,1895.0,1900.0,1850.0,1895.0,1895.0,71291
2016-03-14,1880.0,1930.0,1875.0,1875.0,1875.0,63727
2016-03-15,1870.0,1910.0,1860.0,1900.0,1900.0,27515
2016-03-16,1900.0,1975.0,1880.0,1975.0,1975.0,53170
2016-03-17,1940.0,1975.0,1910.0,1945.0,1945.0,63478
2016-03-18,1945.0,1965.0,1910.0,1950.0,1950.0,49099
2016-03-21,1980.0,2020.0,1955.0,1965.0,1965.0,77389
2016-03-22,1975.0,2030.0,1975.0,1985.0,1985.0,49840
2016-03-23,1965.0,2000.0,1965.0,1970.0,1970.0,58981
2016-03-24,1990.0,2030.0,1980.0,1985.0,1985.0,79030
2016-03-25,1970.0,2020.0,1960.0,2000.0,2000.0,56429
2016-03-28,2025.0,2065.0,1990.0,2010.0,2010.0,65575
2016-03-29,2035.0,2055.0,1990.0,2015.0,2015.0,28049
2016-03-30,2015.0,2035.0,1965.0,1980.0,1980.0,55479
2016-03-31,1995.0,1995.0,1950.0,1975.0,1975.0,38384
2016-04-01,1975.0,2010.0,1930.0,1965.0,1965.0,68589
2016-04-04,1950.0,1970.0,1920.0,1925.0,1925.0,88184
2016-04-05,1920.0,1950.0,1910.0,1935.0,1935.0,70375
2016-04-06,1935.0,1950.0,1890.0,1915.0,1915.0,83468
2016-04-07,1915.0,1940.0,1915.0,1920.0,1920.0,52411
2016-04-08,1920.0,1960.0,1905.0,1935.0,1935.0,42241
2016-04-11,1925.0,1975.0,1925.0,1975.0,1975.0,233306
2016-04-12,2160.0,2565.0,2160.0,2565.0,2565.0,6789658
2016-04-14,2565.0,2690.0,2445.0,2565.0,2565.0,6303503
2016-04-15,2610.0,2780.0,2310.0,2330.0,2330.0,4107176
2016-04-18,2350.0,2390.0,2190.0,2230.0,2230.0,1165158
2016-04-19,2250.0,2340.0,2245.0,2260.0,2260.0,1028462
2016-04-20,2280.0,2350.0,2225.0,2350.0,2350.0,658463
2016-04-21,2485.0,2500.0,2300.0,2300.0,2300.0,1147809
2016-04-22,2300.0,2360.0,2215.0,2360.0,2360.0,533494
2016-04-25,2350.0,2400.0,2305.0,2400.0,2400.0,318497
2016-04-26,2415.0,2505.0,2365.0,2365.0,2365.0,661132
2016-04-27,2370.0,2430.0,2265.0,2305.0,2305.0,316667
2016-04-28,2320.0,2350.0,2300.0,2350.0,2350.0,165154
2016-04-29,2370.0,2400.0,2270.0,2315.0,2315.0,147103
2016-05-02,2295.0,2315.0,2210.0,2250.0,2250.0,105583
2016-05-03,2270.0,2270.0,2200.0,2215.0,2215.0,173890
2016-05-04,2225.0,2260.0,2200.0,2235.0,2235.0,128612
2016-05-09,2235.0,2255.0,2195.0,2215.0,2215.0,122066
2016-05-10,2215.0,2360.0,2215.0,2345.0,2345.0,264833
2016-05-11,2345.0,2350.0,2280.0,2300.0,2300.0,84054
2016-05-12,2300.0,2335.0,2245.0,2335.0,2335.0,125173
2016-05-13,2340.0,2380.0,2280.0,2320.0,2320.0,151395
2016-05-16,2345.0,2345.0,2280.0,2325.0,2325.0,99256
2016-05-17,2320.0,2500.0,2260.0,2375.0,2375.0,354720
2016-05-18,2370.0,2450.0,2340.0,2420.0,2420.0,192990
2016-05-19,2440.0,2440.0,2245.0,2245.0,2245.0,232425
2016-05-20,2240.0,2285.0,2185.0,2185.0,2185.0,188383
2016-05-23,2170.0,2230.0,2170.0,2195.0,2195.0,82869
2016-05-24,2195.0,2215.0,2060.0,2070.0,2070.0,272035
2016-05-25,2100.0,2145.0,2025.0,2055.0,2055.0,213466
2016-05-26,2040.0,2080.0,1985.0,2010.0,2010.0,187305
2016-05-27,2015.0,2070.0,2000.0,2065.0,2065.0,98360
2016-05-30,2080.0,2125.0,2020.0,2075.0,2075.0,146470
2016-05-31,2080.0,2095.0,2060.0,2085.0,2085.0,52353
2016-06-01,2095.0,2165.0,2080.0,2125.0,2125.0,67533
2016-06-02,2125.0,2155.0,2095.0,2125.0,2125.0,44047
2016-06-03,2120.0,2145.0,2090.0,2130.0,2130.0,70519
2016-06-07,2130.0,2140.0,2065.0,2115.0,2115.0,90111
2016-06-08,2110.0,2125.0,2090.0,2125.0,2125.0,59947
2016-06-09,2120.0,2130.0,2070.0,2075.0,2075.0,66191
2016-06-10,2075.0,2130.0,2075.0,2120.0,2120.0,41353
2016-06-13,2080.0,2135.0,2080.0,2125.0,2125.0,25887
2016-06-14,2160.0,2760.0,2155.0,2760.0,2760.0,8939505
2016-06-15,2915.0,2980.0,2540.0,2645.0,2645.0,6836544
2016-06-16,2630.0,2710.0,2475.0,2605.0,2605.0,2713174
2016-06-17,2590.0,2665.0,2415.0,2415.0,2415.0,1886001
2016-06-20,2420.0,2500.0,2395.0,2490.0,2490.0,693098
2016-06-21,2500.0,2545.0,2410.0,2420.0,2420.0,798125
2016-06-22,2445.0,2555.0,2400.0,2520.0,2520.0,609205
2016-06-23,2545.0,2565.0,2310.0,2310.0,2310.0,638414
2016-06-24,2330.0,2385.0,2065.0,2125.0,2125.0,952880
2016-06-27,2055.0,2195.0,2055.0,2165.0,2165.0,250979
2016-06-28,2120.0,2275.0,2110.0,2255.0,2255.0,275103
2016-06-29,2310.0,2320.0,2240.0,2255.0,2255.0,282709
2016-06-30,2290.0,2365.0,2260.0,2295.0,2295.0,281634
2016-07-01,2300.0,2370.0,2280.0,2365.0,2365.0,226926
2016-07-04,2360.0,2380.0,2335.0,2380.0,2380.0,158362
2016-07-05,2390.0,2390.0,2330.0,2390.0,2390.0,170119
2016-07-06,2370.0,2410.0,2290.0,2400.0,2400.0,237179
2016-07-07,2425.0,2460.0,2380.0,2445.0,2445.0,194546
2016-07-08,2455.0,2490.0,2365.0,2440.0,2440.0,246793
2016-07-11,2455.0,2505.0,2420.0,2475.0,2475.0,154031
2016-07-12,2480.0,2520.0,2425.0,2495.0,2495.0,198472
2016-07-13,2515.0,2515.0,2460.0,2500.0,2500.0,140424
2016-07-14,2505.0,2530.0,2440.0,2505.0,2505.0,218187
2016-07-15,2515.0,2705.0,2505.0,2555.0,2555.0,548341
2016-07-18,2580.0,2600.0,2530.0,2600.0,2600.0,166264
2016-07-19,2640.0,2680.0,2440.0,2495.0,2495.0,379906
2016-07-20,2460.0,2600.0,2440.0,2520.0,2520.0,338040
2016-07-21,2520.0,2595.0,2500.0,2575.0,2575.0,231439
2016-07-22,2555.0,2645.0,2555.0,2595.0,2595.0,172404
2016-07-25,2715.0,2715.0,2550.0,2560.0,2560.0,148018
2016-07-26,2555.0,2580.0,2505.0,2565.0,2565.0,116246
2016-07-27,2560.0,2560.0,2480.0,2485.0,2485.0,90046
2016-07-28,2485.0,2495.0,2430.0,2485.0,2485.0,106363
2016-07-29,2475.0,2480.0,2415.0,2415.0,2415.0,94213
2016-08-01,2415.0,2480.0,2415.0,2450.0,2450.0,118176
2016-08-02,2455.0,2540.0,2410.0,2515.0,2515.0,106506
2016-08-03,2500.0,2600.0,2465.0,2560.0,2560.0,191948
2016-08-04,2590.0,2590.0,2530.0,2560.0,2560.0,81604
2016-08-05,2550.0,2590.0,2545.0,2570.0,2570.0,62312
2016-08-08,2560.0,2650.0,2540.0,2625.0,2625.0,239265
2016-08-09,2660.0,2700.0,2610.0,2625.0,2625.0,164008
2016-08-10,2625.0,2650.0,2525.0,2585.0,2585.0,153648
2016-08-11,2570.0,2580.0,2440.0,2475.0,2475.0,248533
2016-08-12,2475.0,2545.0,2455.0,2455.0,2455.0,190904
2016-08-16,2455.0,2530.0,2455.0,2480.0,2480.0,113953
2016-08-17,2460.0,2500.0,2425.0,2470.0,2470.0,92349
2016-08-18,2450.0,2500.0,2410.0,2495.0,2495.0,66381
2016-08-19,2530.0,2530.0,2455.0,2520.0,2520.0,80240
2016-08-22,2515.0,2515.0,2400.0,2445.0,2445.0,117894
2016-08-23,2445.0,2445.0,2365.0,2420.0,2420.0,86614
2016-08-24,2415.0,2415.0,2290.0,2320.0,2320.0,185051
2016-08-25,2315.0,2335.0,2265.0,2280.0,2280.0,103199
2016-08-26,2290.0,2315.0,2280.0,2310.0,2310.0,69972
2016-08-29,2275.0,2325.0,2230.0,2255.0,2255.0,180529
2016-08-30,2270.0,2320.0,2185.0,2215.0,2215.0,185790
2016-08-31,2195.0,2230.0,2160.0,2180.0,2180.0,127715
2016-09-01,2145.0,2190.0,2145.0,2180.0,2180.0,74923
2016-09-02,2165.0,2255.0,2165.0,2250.0,2250.0,90397
2016-09-05,2250.0,2280.0,2250.0,2270.0,2270.0,41753
2016-09-06,2280.0,2295.0,2265.0,2290.0,2290.0,47132
2016-09-07,2295.0,2300.0,2240.0,2280.0,2280.0,54479
2016-09-08,2285.0,2285.0,2170.0,2220.0,2220.0,103386
2016-09-09,2205.0,2230.0,2145.0,2160.0,2160.0,139619
2016-09-12,2110.0,2140.0,2065.0,2115.0,2115.0,126261
2016-09-13,2095.0,2200.0,2095.0,2195.0,2195.0,58232
2016-09-19,2195.0,2225.0,2170.0,2225.0,2225.0,28731
2016-09-20,2225.0,2265.0,2210.0,2265.0,2265.0,52250
2016-09-21,2270.0,2275.0,2240.0,2275.0,2275.0,47351
2016-09-22,2295.0,2310.0,2265.0,2290.0,2290.0,85903
2016-09-23,2275.0,2320.0,2245.0,2305.0,2305.0,108666
2016-09-26,2305.0,2330.0,2275.0,2320.0,2320.0,97024
2016-09-27,2320.0,2340.0,2260.0,2305.0,2305.0,68494
2016-09-28,2350.0,2350.0,2285.0,2290.0,2290.0,162702
2016-09-29,2340.0,2435.0,2300.0,2395.0,2395.0,177485
2016-09-30,2435.0,2435.0,2335.0,2340.0,2340.0,112962
2016-10-04,2340.0,2410.0,2335.0,2365.0,2365.0,63526
2016-10-05,2335.0,2390.0,2330.0,2355.0,2355.0,43813
2016-10-06,2380.0,2395.0,2330.0,2395.0,2395.0,56730
2016-10-07,2410.0,2410.0,2360.0,2395.0,2395.0,63346
2016-10-10,2395.0,2415.0,2355.0,2375.0,2375.0,43145
2016-10-11,2360.0,2500.0,2360.0,2445.0,2445.0,256468
2016-10-12,2430.0,2530.0,2420.0,2470.0,2470.0,164053
2016-10-13,2470.0,2515.0,2380.0,2380.0,2380.0,84704
2016-10-14,2380.0,2390.0,2320.0,2330.0,2330.0,78645
2016-10-17,2355.0,2355.0,2260.0,2265.0,2265.0,86818
2016-10-18,2270.0,2270.0,2185.0,2220.0,2220.0,65911
2016-10-19,2220.0,2270.0,2195.0,2270.0,2270.0,37959
2016-10-20,2285.0,2285.0,2200.0,2260.0,2260.0,41953
2016-10-21,2240.0,2270.0,2200.0,2250.0,2250.0,20746
2016-10-24,2250.0,2320.0,2235.0,2305.0,2305.0,71850
2016-10-25,2285.0,2395.0,2285.0,2295.0,2295.0,76762
2016-10-26,2320.0,2325.0,2210.0,2250.0,2250.0,59940
2016-10-27,2230.0,2300.0,2220.0,2300.0,2300.0,47258
2016-10-28,2260.0,2295.0,2205.0,2210.0,2210.0,84776
2016-10-31,2200.0,2200.0,2100.0,2140.0,2140.0,59435
2016-11-01,2100.0,2225.0,2085.0,2190.0,2190.0,56465
2016-11-02,2145.0,2195.0,2030.0,2140.0,2140.0,100295
2016-11-03,2080.0,2135.0,2080.0,2105.0,2105.0,29677
2016-11-04,2080.0,2175.0,2075.0,2100.0,2100.0,77195
2016-11-07,2080.0,2140.0,2075.0,2105.0,2105.0,36845
2016-11-08,2110.0,2135.0,2095.0,2100.0,2100.0,22740
2016-11-09,2105.0,2125.0,1895.0,1990.0,1990.0,105593
2016-11-10,2005.0,2070.0,2005.0,2060.0,2060.0,45906
2016-11-11,2060.0,2155.0,2040.0,2120.0,2120.0,20575
2016-11-14,2140.0,2155.0,2105.0,2130.0,2130.0,17299
2016-11-15,2140.0,2140.0,2000.0,2090.0,2090.0,42988
2016-11-16,2090.0,2105.0,2070.0,2105.0,2105.0,31533
2016-11-17,2105.0,2115.0,2070.0,2115.0,2115.0,27829
2016-11-18,2135.0,2135.0,2060.0,2060.0,2060.0,18648
2016-11-21,2070.0,2090.0,2025.0,2085.0,2085.0,28893
2016-11-22,2070.0,2150.0,2060.0,2070.0,2070.0,34786
2016-11-23,2070.0,2090.0,1970.0,1990.0,1990.0,93620
2016-11-24,1990.0,2580.0,1920.0,2250.0,2250.0,3940740
2016-11-25,2245.0,2380.0,2170.0,2305.0,2305.0,1191328
2016-11-28,2350.0,2400.0,2275.0,2365.0,2365.0,441004
2016-11-29,2385.0,2465.0,2235.0,2290.0,2290.0,879185
2016-11-30,2290.0,2350.0,2235.0,2350.0,2350.0,204306
2016-12-01,2330.0,2430.0,2240.0,2370.0,2370.0,343835
2016-12-02,2370.0,2375.0,2290.0,2290.0,2290.0,153894
2016-12-05,2290.0,2975.0,2290.0,2975.0,2975.0,7502978
2016-12-06,3100.0,3110.0,2840.0,2905.0,2905.0,5447450
2016-12-07,2955.0,3050.0,2850.0,3035.0,3035.0,3813963
2016-12-08,2930.0,2940.0,2765.0,2835.0,2835.0,1639123
2016-12-09,2805.0,2865.0,2630.0,2705.0,2705.0,1374266
2016-12-12,2745.0,2790.0,2695.0,2750.0,2750.0,762270
2016-12-13,2740.0,3570.0,2720.0,3255.0,3255.0,15386083
2016-12-14,3165.0,3220.0,3100.0,3180.0,3180.0,2671678
2016-12-15,3175.0,3220.0,3110.0,3180.0,3180.0,1471992
2016-12-16,3165.0,3210.0,3010.0,3050.0,3050.0,979926
2016-12-19,3090.0,3145.0,3025.0,3125.0,3125.0,627302
2016-12-20,3125.0,3190.0,3055.0,3070.0,3070.0,831753
2016-12-21,3115.0,3175.0,3035.0,3065.0,3065.0,468371
2016-12-22,3035.0,3125.0,3030.0,3050.0,3050.0,366214
2016-12-23,3060.0,3085.0,2940.0,3030.0,3030.0,303205
2016-12-26,3090.0,3090.0,2895.0,2920.0,2920.0,272513
2016-12-27,2935.0,3080.0,2920.0,3075.0,3075.0,340492
2016-12-28,3025.0,3090.0,2980.0,3060.0,3060.0,273135
2016-12-29,3060.0,3350.0,3015.0,3095.0,3095.0,2063068
2017-01-02,3095.0,3295.0,3030.0,3125.0,3125.0,908759
2017-01-03,3155.0,3510.0,3105.0,3325.0,3325.0,3842835
2017-01-04,3315.0,3375.0,3130.0,3205.0,3205.0,775479
2017-01-05,3205.0,3310.0,3160.0,3300.0,3300.0,495257
2017-01-06,3320.0,3365.0,3200.0,3230.0,3230.0,464139
2017-01-09,3230.0,3265.0,3150.0,3190.0,3190.0,287799
2017-01-10,3190.0,3225.0,3030.0,3075.0,3075.0,314443
2017-01-11,3100.0,3200.0,3050.0,3180.0,3180.0,448967
2017-01-12,3180.0,3220.0,3105.0,3180.0,3180.0,243639
2017-01-13,3190.0,3190.0,3035.0,3035.0,3035.0,290063
2017-01-16,2990.0,3030.0,2805.0,2825.0,2825.0,614868
2017-01-17,2835.0,2910.0,2765.0,2820.0,2820.0,282783
2017-01-18,2820.0,2920.0,2810.0,2890.0,2890.0,279129
2017-01-19,2910.0,3095.0,2900.0,2955.0,2955.0,557616
2017-01-20,2915.0,3015.0,2915.0,3010.0,3010.0,128361
2017-01-23,3000.0,3040.0,2840.0,2930.0,2930.0,99667
2017-01-24,2930.0,2950.0,2830.0,2875.0,2875.0,173661
2017-01-25,2875.0,3140.0,2875.0,2945.0,2945.0,608934
2017-01-26,2950.0,3040.0,2930.0,3025.0,3025.0,135816
2017-01-31,3025.0,3145.0,2990.0,3120.0,3120.0,310361
2017-02-01,3135.0,3975.0,3135.0,3605.0,3605.0,12154720
2017-02-02,3505.0,3655.0,3395.0,3435.0,3435.0,1980599
2017-02-03,3435.0,3565.0,3345.0,3565.0,3565.0,1534820
2017-02-06,3515.0,3565.0,3240.0,3335.0,3335.0,1391820
2017-02-07,3315.0,3360.0,3220.0,3245.0,3245.0,562661
2017-02-08,3255.0,3380.0,3120.0,3160.0,3160.0,760990
2017-02-09,3180.0,3250.0,3065.0,3230.0,3230.0,351409
2017-02-10,3270.0,3315.0,3140.0,3185.0,3185.0,513947
2017-02-13,2990.0,2995.0,2880.0,2970.0,2970.0,552633
2017-02-14,2940.0,3040.0,2905.0,2920.0,2920.0,402544
2017-02-15,2910.0,3045.0,2830.0,3000.0,3000.0,295111
2017-02-16,3050.0,3105.0,2960.0,3065.0,3065.0,212076
2017-02-17,3065.0,3200.0,3020.0,3150.0,3150.0,327492
2017-02-20,3160.0,3190.0,3080.0,3110.0,3110.0,195948
2017-02-21,3120.0,3235.0,3085.0,3090.0,3090.0,209112
2017-02-22,3125.0,3350.0,3075.0,3135.0,3135.0,590431
2017-02-23,3080.0,3205.0,3080.0,3205.0,3205.0,240102
2017-02-24,3225.0,3345.0,3070.0,3100.0,3100.0,577025
2017-02-27,3085.0,3090.0,2915.0,3060.0,3060.0,260269
2017-02-28,3095.0,3095.0,2920.0,2920.0,2920.0,262129
2017-03-02,2920.0,3050.0,2920.0,2930.0,2930.0,126241
2017-03-03,2935.0,3020.0,2905.0,3020.0,3020.0,136087
2017-03-06,3020.0,3070.0,2980.0,3070.0,3070.0,84510
2017-03-07,3110.0,3110.0,3050.0,3055.0,3055.0,69955
2017-03-08,3040.0,3090.0,3000.0,3085.0,3085.0,71530
2017-03-09,3100.0,3155.0,3030.0,3045.0,3045.0,179878
2017-03-10,3060.0,3080.0,2950.0,3080.0,3080.0,166439
2017-03-13,3125.0,3125.0,3040.0,3060.0,3060.0,71727
2017-03-14,3085.0,3095.0,3005.0,3010.0,3010.0,104081
2017-03-15,3010.0,3035.0,2945.0,2960.0,2960.0,115261
2017-03-16,2960.0,3000.0,2770.0,2940.0,2940.0,157103
2017-03-17,2940.0,2940.0,2860.0,2905.0,2905.0,101389
2017-03-20,2905.0,2905.0,2840.0,2895.0,2895.0,39188
2017-03-21,2865.0,2955.0,2835.0,2900.0,2900.0,127604
2017-03-22,2900.0,2900.0,2705.0,2845.0,2845.0,181298
2017-03-23,2850.0,2870.0,2725.0,2750.0,2750.0,118973
2017-03-24,2715.0,2760.0,2650.0,2700.0,2700.0,137919
2017-03-27,2700.0,2750.0,2665.0,2710.0,2710.0,88308
2017-03-28,2680.0,2745.0,2660.0,2720.0,2720.0,86224
2017-03-29,2745.0,2840.0,2710.0,2825.0,2825.0,102781
2017-03-30,2855.0,2855.0,2755.0,2830.0,2830.0,91289
2017-03-31,2830.0,2945.0,2750.0,2780.0,2780.0,166107
2017-04-03,2800.0,2880.0,2800.0,2830.0,2830.0,111791
2017-04-04,2840.0,3075.0,2810.0,2875.0,2875.0,230715
2017-04-05,2905.0,3030.0,2885.0,3025.0,3025.0,200383
2017-04-06,3020.0,3055.0,2955.0,2960.0,2960.0,135875
2017-04-07,3010.0,3030.0,2945.0,3030.0,3030.0,76787
2017-04-10,3040.0,3075.0,2930.0,2995.0,2995.0,110500
2017-04-11,2945.0,3015.0,2890.0,2925.0,2925.0,65905
2017-04-12,2975.0,3255.0,2940.0,3120.0,3120.0,901581
2017-04-13,3170.0,3200.0,2985.0,3020.0,3020.0,246737
2017-04-14,3020.0,3020.0,2920.0,2975.0,2975.0,127363
2017-04-17,2975.0,3020.0,2935.0,2995.0,2995.0,91619
2017-04-18,2990.0,3155.0,2980.0,3110.0,3110.0,173626
2017-04-19,3115.0,3190.0,3115.0,3170.0,3170.0,164884
2017-04-20,3175.0,3175.0,3060.0,3075.0,3075.0,101451
2017-04-21,3075.0,3130.0,3070.0,3085.0,3085.0,95068
2017-04-24,3065.0,3100.0,3020.0,3060.0,3060.0,49188
2017-04-25,3065.0,3235.0,3065.0,3170.0,3170.0,259518
2017-04-26,3140.0,3285.0,3135.0,3240.0,3240.0,210375
2017-04-27,3250.0,3250.0,3150.0,3210.0,3210.0,121495
2017-04-28,3210.0,3395.0,3145.0,3340.0,3340.0,612634
2017-05-02,3340.0,3430.0,3285.0,3290.0,3290.0,191252
2017-05-04,3290.0,3335.0,3210.0,3240.0,3240.0,94043
2017-05-08,3240.0,3285.0,3175.0,3245.0,3245.0,68804
2017-05-10,3245.0,3330.0,3225.0,3260.0,3260.0,78246
2017-05-11,3260.0,3260.0,3205.0,3230.0,3230.0,100463
2017-05-12,3230.0,3265.0,3105.0,3195.0,3195.0,119890
2017-05-15,3145.0,3210.0,3145.0,3185.0,3185.0,39774
2017-05-16,3185.0,3190.0,3040.0,3115.0,3115.0,102116
2017-05-17,3070.0,3145.0,3070.0,3105.0,3105.0,61797
2017-05-18,3050.0,3250.0,3050.0,3215.0,3215.0,94986
2017-05-19,3235.0,3250.0,3180.0,3225.0,3225.0,52797
2017-05-22,3225.0,3340.0,3210.0,3340.0,3340.0,146156
2017-05-23,3365.0,3690.0,3340.0,3445.0,3445.0,825832
2017-05-24,3500.0,3625.0,3470.0,3525.0,3525.0,650808
2017-05-25,3470.0,3520.0,3385.0,3415.0,3415.0,262896
2017-05-26,3420.0,3545.0,3390.0,3545.0,3545.0,88924
2017-05-29,3510.0,3595.0,3465.0,3490.0,3490.0,162736
2017-05-30,3455.0,3525.0,3445.0,3465.0,3465.0,109853
2017-05-31,3465.0,3535.0,3410.0,3420.0,3420.0,117769
2017-06-01,3400.0,3490.0,3360.0,3445.0,3445.0,55337
2017-06-02,3450.0,3580.0,3400.0,3495.0,3495.0,152111
2017-06-05,3505.0,3665.0,3505.0,3545.0,3545.0,220781
2017-06-07,3545.0,4360.0,3545.0,3950.0,3950.0,8876434
2017-06-08,3860.0,3955.0,3790.0,3955.0,3955.0,1693401
2017-06-09,3965.0,3965.0,3850.0,3850.0,3850.0,762586
2017-06-12,3850.0,3930.0,3680.0,3745.0,3745.0,527451
2017-06-13,3765.0,3830.0,3720.0,3810.0,3810.0,323760
2017-06-14,3800.0,3880.0,3750.0,3825.0,3825.0,296014
2017-06-15,3900.0,3900.0,3715.0,3725.0,3725.0,341374
2017-06-16,3725.0,3795.0,3620.0,3780.0,3780.0,212008
2017-06-19,3750.0,3920.0,3700.0,3890.0,3890.0,555756
2017-06-20,3935.0,4000.0,3795.0,3890.0,3890.0,472646
2017-06-21,3880.0,3960.0,3725.0,3860.0,3860.0,151645
2017-06-22,3815.0,4200.0,3815.0,3925.0,3925.0,1237551
2017-06-23,3930.0,4285.0,3925.0,4170.0,4170.0,751243
2017-06-26,4185.0,4270.0,4000.0,4035.0,4035.0,318065
2017-06-27,4040.0,4240.0,4035.0,4065.0,4065.0,180576
2017-06-28,4055.0,4145.0,4010.0,4100.0,4100.0,138338
2017-06-29,4040.0,4195.0,4040.0,4155.0,4155.0,97080
2017-06-30,4070.0,4310.0,4010.0,4210.0,4210.0,166565
2017-07-03,4210.0,4340.0,4130.0,4190.0,4190.0,91614
2017-07-04,4235.0,4330.0,4130.0,4135.0,4135.0,124319
2017-07-05,4140.0,4380.0,4140.0,4355.0,4355.0,180693
2017-07-06,4325.0,4540.0,4310.0,4315.0,4315.0,291085
2017-07-07,4265.0,4425.0,4265.0,4390.0,4390.0,118529
